ATMG00640,15,6.83638,7.58534,7.78075,5.9146,6.96009,6.52268,7.07657,6.8466,7.29528,5.46896,7.07441,6.69932
ATMG01020,15,6.13079,6.07039,6.90236,5.48727,6.42951,5.4283,6.04117,5.61488,7.37806,5.33843,6.35661,5.62476
ATMG00530,15,5.25224,4.58725,5.42455,4.75858,4.74819,4.08103,5.06689,5.00075,5.1454,4.2846,4.95999,3.7182
ATMG00010,15,4.22769,3.87262,5.08195,3.51367,3.17706,3.09952,3.97621,3.58857,4.96004,3.45499,3.24031,3.33874
AT2G26380,15,4.07126,4.12475,5.34185,3.51138,3.29127,3.63952,3.89598,4.34645,4.95304,3.29979,3.3931,3.85964
AT2G26390,15,6.15262,6.16464,6.91237,4.95721,4.83036,4.5861,6.07348,6.45263,6.85894,4.59445,4.85677,4.23396
AT2G26420,15,4.94639,4.92458,5.41384,5.2701,4.09403,4.80097,5.27937,5.37872,5.80887,5.29626,3.77169,4.66818
AT2G23180,15,26.3622,26.6301,43.4067,23.2225,18.255,16.8251,25.4625,24.4251,42.9468,23.6997,17.4581,17.9041
AT2G41570,15,5.09576,5.81946,6.71358,4.61113,4.19744,4.58933,4.97285,5.83152,6.20388,4.54522,3.81883,4.20195
AT5G12450,15,6.81024,8.3546,9.79864,5.36206,4.83882,5.35878,7.32247,8.13376,9.41002,5.11502,4.50901,5.59315
AT5G12460,15,3.98967,3.58732,4.54133,2.93431,3.53692,3.04603,4.17455,3.55065,4.15084,2.90535,3.73003,2.85744
AT1G67740,15,4357.01,4994.89,5371.54,3993.88,2971.18,2848.73,4201.67,4509.7,5870.6,3768.53,2788.37,3048.54
AT1G59171,15,7.0108,9.85663,12.5843,5.61804,5.58081,5.77145,7.38011,8.91024,13.4473,5.31679,6.13405,5.43364
AT3G29796,15,5.55211,5.2793,7.83759,4.6921,4.29738,3.77297,5.66146,5.72656,8.23412,4.93178,4.41948,3.3978
AT1G08410,15,19.5356,14.8963,18.3457,15.8589,15.1286,14.3411,19.0209,13.7311,16.7479,15.3557,15.8629,15.6044
AT4G25570,15,1132.51,1207.01,1470.6,1133.22,1085.4,1223.96,1172.46,1116.76,1473.2,1116.18,1011.54,1309.73
AT1G44224,15,4.24683,5.183,5.08097,3.42921,3.7089,3.50307,4.58923,4.66684,5.45297,3.47754,3.40152,3.31957
AT4G14640,15,5.30459,4.67949,5.62141,4.79286,4.66717,4.01088,5.5654,4.88368,5.75936,4.45226,4.409,3.86429
AT4G15560,15,1855.05,1802.04,1982.98,806.988,1062.96,1382.95,1783.49,1981.96,2007.91,813.416,1043.98,1309.59
AT4G14815,15,4.1637,4.2898,5.4574,3.80112,4.00021,3.75465,3.90855,4.13884,5.26846,3.48468,3.74535,3.78726
AT4G17420,15,21.0091,20.9499,26.9497,17.309,21.5821,22.0723,22.2315,22.9733,27.0313,16.3198,19.9494,19.9622
AT4G14560,15,59.2213,42.7011,67.768,22.1955,28.4567,28.0809,58.1081,39.6984,64.4734,20.657,30.4787,27.8545
AT4G17585,15,4.76146,4.80076,6.19172,4.37286,3.81882,4.38188,5.21956,4.89736,6.01554,4.63479,3.99817,4.06122
AT4G17310,15,12.8093,6.47875,11.5755,7.57364,9.25722,8.44525,12.8934,6.81794,12.6167,7.78968,9.22031,8.13805
AT4G16820,15,4.34158,3.61691,4.74655,3.28807,2.94661,2.88483,4.51869,3.42073,4.93195,3.17054,3.19092,2.62151
AT4G16020,15,4.2345,4.07476,4.59542,2.71565,3.03745,3.33295,4.30229,3.98815,4.82754,2.45396,2.79642,3.6364
AT4G16040,15,4.29406,4.43237,4.57133,3.26122,3.02026,3.70173,4.39503,4.12322,4.40785,3.25349,3.20594,3.73419
AT4G16240,15,18.6831,11.8148,19.4913,14.5291,9.15286,12.3119,18.6564,11.45,20.6962,15.0425,8.67911,13.1886
AT4G16270,15,4.98629,6.35098,7.77036,4.57936,4.07266,3.96271,5.19503,5.95861,8.40406,4.19018,4.35373,4.18751
AT4G15590,15,5.26302,6.02938,6.10404,4.32436,4.06294,4.00061,5.73599,5.81258,5.7361,4.70276,3.73146,3.80696
AT4G15100,15,4.11171,4.73913,5.44953,3.37104,3.80594,3.38479,4.20517,4.90731,5.95101,3.43575,3.85246,3.24554
AT4G15200,15,4.05292,3.81826,4.62756,4.26919,3.34838,2.70834,4.40585,3.65284,4.43457,4.30433,3.07834,2.74484
AT4G15270,15,5.3121,5.37489,5.69169,4.11919,3.8078,3.83588,5.73367,5.3675,5.38907,4.38657,3.92491,3.79393
AT4G15320,15,4.55323,3.88211,4.27608,3.67084,3.61848,3.94581,4.9883,3.55522,4.53381,3.8248,3.3663,3.59949
AT4G14730,15,4.33589,4.01907,4.80501,4.04869,3.40764,3.60768,4.1753,4.31293,4.91564,4.38483,3.67575,3.36684
AT4G14820,15,5.94538,4.65793,6.38666,5.03855,4.67407,6.17001,6.49923,4.71443,6.71815,4.8197,5.00078,6.36212
AT4G14368,15,3.89314,4.36158,4.71152,3.69596,2.93808,3.85446,3.98204,4.39679,4.85054,3.37649,2.67579,4.10062
AT4G14160,15,370.365,266.357,364.314,325.122,323.167,267.47,343.865,261.1,392.278,305.406,304.533,271.35
AT1G56540,15,4.36422,4.28717,5.36986,4.11684,4.09429,3.65404,4.48107,4.68119,5.75509,4.06846,4.21582,3.46259
AT1G28270,15,4.42221,4.94229,5.16363,3.60451,2.9574,3.61971,4.67037,4.89459,5.64618,3.67779,3.05071,3.47615
AT1G28200,15,337.953,330.103,395.397,292.182,277.914,280.971,346.219,304.068,404.671,294.354,268.058,283.962
AT5G04330,15,12.8872,8.11693,10.9392,9.80395,7.00883,9.4733,12.077,8.39285,12.0238,9.2863,6.72814,9.82386
AT1G32130,15,211.687,205.41,238.064,210.706,190.308,229.767,215.904,188.276,228.173,202.743,185.427,231.6
AT1G49920,15,6.01896,6.83524,8.66176,4.97457,4.18197,4.31712,5.83377,7.25004,8.27156,5.21967,4.29108,4.68671
AT1G26310,15,3.44578,3.78072,4.66052,2.81962,3.23751,3.75641,3.54259,3.49771,5.08247,3.02467,3.17236,4.06424
AT1G58420,15,4.89563,4.77003,6.20513,4.65832,4.5713,4.01184,4.62873,4.45672,5.64911,4.61418,4.21426,4.12943
AT1G26300,15,12.0029,10.7046,15.5314,10.1848,13.1812,11.724,11.217,11.6763,16.3423,9.38372,12.7631,12.4588
AT1G26250,15,3.96919,4.38044,5.30514,3.15751,3.1301,2.82154,3.67248,4.46982,5.38289,3.03233,3.19254,2.64723
AT5G28800,15,4.44634,4.94723,6.14157,3.6528,3.77291,3.47724,4.83743,4.99053,6.22567,3.952,3.56708,3.54612
AT5G19670,15,12.5946,13.2247,13.3837,12.1384,12.3914,9.98854,13.3301,12.3644,14.3263,11.5033,11.8078,9.74845
AT5G08330,15,693.964,467.284,809.972,355.822,622.012,676.663,628.623,505.641,795.62,366.236,572.878,701.406
AT5G20240,15,6.92888,6.74405,8.0766,4.59054,5.05666,3.96226,7.35799,6.24479,7.55897,4.83611,5.20035,3.6732
AT5G32540,15,4.22908,4.48197,4.92171,3.46292,3.155,4.27146,4.2934,4.80276,4.66435,3.49724,3.13873,4.09777
AT5G19880,15,6.32859,6.15276,6.33308,5.14657,4.44139,4.85355,6.12217,5.59986,6.76972,4.91661,4.01023,4.48969
AT5G19890,15,5.05994,4.30026,4.96729,3.34835,3.6158,3.16318,5.40092,3.92189,4.93856,3.42992,3.28266,2.92528
AT5G19940,15,2175.72,2460.64,2622.55,1702.1,929.89,1192.32,2166.03,2223.01,2594.39,1682.22,880.471,1256.51
AT5G28440,15,4.17827,3.26684,4.24523,3.29629,2.9266,3.31089,4.25118,3.01451,4.63329,3.13591,2.88539,3.02076
AT5G21050,15,5.47257,4.95202,5.25137,4.82329,5.0878,3.32807,5.80325,4.78534,5.43202,4.95624,4.91226,3.26324
AT4G37230,15,4.09357,4.32246,5.00262,3.80736,3.22304,4.24044,3.81643,4.00738,5.19675,3.85269,3.08882,4.34859
AT3G56880,15,256.137,231.274,368.139,261.205,219.153,284.303,265.003,247.636,361.04,268.901,235.596,285.011
AT3G44830,15,5.76908,5.06262,5.78757,4.40581,3.94697,3.64496,6.30476,4.77057,5.95598,4.0204,4.22747,3.54349
AT3G44900,15,3.22742,3.48472,3.97148,2.40177,2.75657,2.7684,3.38148,3.78568,3.79539,2.51893,2.87664,2.96932
AT1G51860,15,11.4922,10.4472,12.197,11.1171,9.81354,10.3207,10.6692,10.7635,13.2386,10.7192,10.3283,11.1443
AT1G77340,15,5.34201,5.38418,5.93017,4.04103,4.43107,4.97072,4.89874,5.65876,5.39497,3.85291,4.53266,4.94134
AT5G17080,15,4.46134,4.42191,4.91484,4.00279,3.49837,3.60382,4.30153,4.10652,4.85218,3.80833,3.63871,3.51921
AT5G17100,15,4.66865,4.85348,5.70233,4.30746,3.90486,4.00279,4.74867,4.45366,5.53849,4.26867,3.68553,3.65544
AT5G16280,15,37.2975,43.3123,52.3352,21.6095,27.4291,30.036,40.41,46.5737,49.7552,20.9565,25.17,28.4081
AT5G16150,15,445.163,489.218,504.022,414.139,454.373,400.134,486.75,449.791,507.106,381.371,443.885,372.724
AT5G15725,15,5.10236,4.79529,5.2927,4.59452,3.61642,4.30808,5.55584,5.0491,5.05235,4.8101,3.43602,4.31073
AT5G15890,15,9.55684,8.07452,10.7854,8.6592,7.00745,9.04487,8.60943,7.33755,11.4045,9.44564,6.9734,8.35726
AT5G15110,15,4.93991,5.20555,5.93517,4.00632,4.41733,4.43064,4.61581,4.94368,6.24721,3.67358,4.04134,4.81596
AT5G36280,15,3.62651,3.21314,3.92104,2.70727,2.87213,4.11895,3.62704,2.93626,4.1799,2.48585,3.04448,4.30034
AT1G48910,15,5.42697,5.63126,6.35333,5.02098,4.36312,4.09371,5.27814,6.12444,6.73861,5.50174,4.20752,4.3685
AT5G35090,15,3.55274,3.99687,5.01134,2.85407,3.28978,3.58609,3.24382,3.71135,5.21357,2.63334,3.55415,3.57322
AT5G35140,15,4.21363,4.65386,5.34125,4.02863,3.62792,3.96183,4.539,4.99979,5.57205,3.62801,3.27917,3.98601
AT5G35150,15,6.4949,5.98658,7.23375,4.97988,4.51736,5.7103,6.63691,5.82482,7.71385,5.28867,4.06947,5.73358
AT5G35230,15,3.53748,3.63635,3.87379,2.99766,2.54804,2.7793,3.23717,3.31408,3.95402,2.73624,2.42583,3.04306
AT5G35270,15,5.43124,5.36452,5.69045,4.36791,4.9986,4.87838,5.02652,5.728,6.04996,4.27844,4.85494,5.28864
AT5G30420,15,4.84054,4.02898,6.50523,3.86787,3.4446,4.06261,4.87746,4.07954,6.05938,4.07583,3.26495,4.46559
AT5G34450,15,4.64468,5.20714,5.10953,3.8421,4.48929,4.28655,4.41974,4.9028,5.52734,3.72095,4.43356,3.9259
AT5G34790,15,5.25374,4.54261,5.69994,4.53237,4.04128,3.98422,5.1803,4.97414,5.41949,4.64831,4.14017,3.71483
AT5G28020,15,180.409,140.733,176.176,98.3238,120.574,113.212,174.27,130.671,192.517,96.9731,126.881,102.833
AT5G27220,15,4.14987,4.31649,5.28868,3.01085,3.60218,4.01421,4.37938,4.12023,5.71,3.16842,3.52687,3.81887
AT5G26910,15,22.2835,20.9907,29.2879,20.0905,20.8326,23.3291,20.6234,20.8274,28.6213,21.6659,19.4307,24.5813
AT5G26350,15,7.25472,7.2473,8.04218,6.29798,6.07245,6.4394,7.94771,7.37922,8.35979,6.73783,6.30987,6.12724
AT5G26020,15,6.38161,7.01341,7.54313,6.07122,5.455,6.05938,6.68739,6.3672,8.08722,5.61446,4.96082,5.76013
AT5G25340,15,7.83899,6.58473,8.83306,5.27055,4.5893,4.72747,7.94661,6.39038,8.34462,5.35934,4.35572,4.89663
AT5G25180,15,7.14729,5.91827,7.37769,4.44811,4.1185,3.93748,6.49076,6.04086,6.92392,4.28981,4.43758,3.84169
AT5G25390,15,6.55003,6.76724,8.87798,5.74545,6.21183,7.03217,7.08815,6.58418,8.90368,6.02576,6.29278,7.07467
AT5G25430,15,4.03536,3.98585,4.61302,3.60742,3.34956,3.88553,4.08657,3.75394,5.05676,3.49626,3.03295,4.24522
AT5G24710,15,13.6545,7.93134,12.6437,11.165,8.48552,6.72772,14.3086,7.87306,13.8714,11.1385,7.71024,6.38269
AT5G04840,15,11.648,9.71524,11.6161,9.92982,8.7748,9.24838,11.3012,9.93858,10.5677,10.5858,8.39124,8.48755
AT5G67310,15,4.84604,3.66413,5.02772,4.30907,4.15013,3.97838,4.41249,3.32362,5.38516,3.89873,4.43568,3.92747
AT5G66970,15,4.89296,4.41964,4.48791,3.41481,3.52295,3.61303,4.43002,4.10002,4.55336,3.159,3.6151,3.38877
AT5G66980,15,7.64327,6.31406,7.44753,4.70692,4.68294,5.26821,7.41023,5.97278,7.84853,4.94579,4.73647,4.9655
AT5G66890,15,4.7753,4.6064,5.25589,3.84003,3.70442,4.74632,4.37222,4.5593,5.65141,3.60658,3.81969,4.75294
AT5G66620,15,9.74708,9.05729,9.27044,6.5837,7.27417,5.52626,9.71137,9.21686,8.88822,6.63992,6.9422,5.81469
AT5G66110,15,5.54356,4.43232,4.99528,3.66412,4.05968,4.25858,5.06556,4.56799,5.27756,4.02302,3.94868,4.0808
AT5G65160,15,8.63097,7.29799,8.60257,7.6845,7.18688,7.37225,7.79957,7.29803,8.83069,8.44516,6.88668,7.3149
AT5G65230,15,6.72871,6.59733,7.81995,4.73028,4.10407,5.13984,6.25365,6.44656,7.68627,4.49279,4.38855,5.60081
AT5G63720,15,5.06154,5.59394,5.84276,3.86936,3.45128,4.45456,5.10927,5.65047,5.81329,3.64587,3.36716,4.41024
AT5G63580,15,4.19575,4.95637,5.43508,3.6117,3.30384,4.2001,4.09618,4.68662,5.38767,3.32625,3.38136,4.40215
AT5G62180,15,7.89709,7.16826,8.18213,6.89736,5.52433,7.50649,7.43639,7.66682,7.90618,6.44541,4.99105,6.95564
AT5G62310,15,4.46641,5.09539,6.17733,4.42044,4.21162,4.59579,4.889,4.66761,6.00064,4.77533,3.85323,4.4964
AT5G61920,15,9.15359,9.53686,9.53106,7.95121,7.31381,9.46735,9.46887,8.87149,9.75173,7.94581,7.24543,9.91253
AT5G60910,15,4.39489,4.04814,5.71445,4.41435,3.72561,3.68276,4.75501,4.27229,5.63351,4.58732,4.07398,3.36762
AT5G60840,15,50.1755,48.8236,84.201,39.906,26.8114,32.4056,49.4515,53.4109,87.0737,36.6534,26.2264,30.8446
AT5G60240,15,4.82813,5.47566,6.99903,3.96919,5.13733,4.78917,5.09571,5.08722,7.27617,4.01177,5.40666,4.43545
AT5G60470,15,3.56745,4.02701,4.34193,2.97886,2.95671,2.96596,3.8229,4.26816,4.53753,3.25921,3.08589,2.89362
AT5G59670,15,6.23236,5.43305,6.52582,5.35851,5.34887,4.74731,6.69327,5.77867,6.20786,5.64677,5.34826,4.99051
AT5G59700,15,10.8171,10.6463,10.2911,8.26751,10.8898,9.01866,10.0107,9.96631,11.2621,8.17629,10.2931,8.29063
AT5G58360,15,4.55618,4.41734,6.01903,3.99434,3.85747,4.38789,4.9759,4.58106,5.73622,3.78187,3.57979,4.0057
AT5G58280,15,5.30257,4.26723,5.77436,4.07949,3.92156,4.36604,5.80674,4.51498,6.09031,3.68499,3.86565,3.99555
AT5G58070,15,767.632,969.84,1150.62,664.095,366.18,610.796,758.973,1011.3,1130.17,645.604,398.088,582.51
AT5G57770,15,6.26591,4.86293,5.74064,4.73667,4.88431,3.81714,5.65039,4.8099,6.23811,5.08114,5.04198,3.712
AT5G57420,15,4.26581,4.64046,4.79453,3.68451,2.87575,3.71541,4.00835,4.39424,4.87277,3.3254,2.7326,3.84341
AT5G57510,15,4.8692,4.81417,4.82799,4.13901,3.20078,5.12878,4.68005,5.10382,5.00823,4.32451,2.93082,5.49487
AT5G57650,15,8.00296,6.34975,7.39715,4.80382,4.40953,5.17876,8.75641,6.03444,8.12799,5.02072,4.11919,5.18572
AT5G56230,15,11.4328,8.96449,12.042,8.32296,9.11372,9.50288,12.4482,8.75194,12.5973,8.53138,9.49119,9.91192
AT5G56300,15,4.66247,4.50684,4.82359,3.86268,3.36193,4.36546,4.46932,4.79884,4.55833,3.8034,3.2236,4.40307
AT5G55400,15,33.1033,30.7308,60.1715,33.3664,15.9594,25.8477,30.9312,27.9237,59.4774,31.1118,16.6157,26.564
AT5G55060,15,17.6636,13.6678,18.3182,13.0888,18.4473,15.5682,17.9093,13.8974,18.2647,11.9073,16.9733,14.5529
AT5G55350,15,4.83958,4.46208,5.19788,3.91414,3.68771,4.22275,4.87481,4.68966,5.13785,3.5669,3.64594,4.19019
AT5G54700,15,5.33061,5.39212,6.34368,3.77297,4.18221,4.33574,5.43118,5.80878,5.9239,3.89789,4.21448,4.6147
AT5G54480,15,5.50478,5.00273,6.11464,4.52062,3.81443,6.02048,5.38044,5.05483,6.32956,4.6832,3.7759,6.26704
AT5G54030,15,5.65232,5.95171,6.0711,4.10156,4.70194,4.81247,5.94534,5.89062,5.61779,4.31485,4.47189,4.88032
AT5G53990,15,10.5116,10.5445,10.6241,9.59444,8.21223,9.51543,11.161,10.9419,11.509,10.4832,7.69662,9.40975
AT5G53680,15,3.78275,3.84778,4.95136,3.14536,4.35241,3.50547,3.936,4.1387,5.16573,2.85266,4.44235,3.45051
AT5G52580,15,146.258,152.39,162.826,111.944,80.8726,84.8351,138.863,152.303,176.129,116.907,88.5918,80.049
AT5G52620,15,4.08144,3.95544,6.07773,3.23893,3.42673,3.81671,4.10372,4.27439,5.74717,2.92634,3.61724,3.72475
AT5G52800,15,3.97411,4.20452,5.53971,3.79528,3.42947,4.05947,4.03799,4.31192,5.71938,3.58468,3.76335,3.68343
AT5G52490,15,3.99766,3.69607,4.14282,2.97138,3.57866,3.39109,4.39013,3.54215,4.12078,2.76248,3.9092,3.20351
AT5G51580,15,5.12383,5.89221,7.24552,3.81398,3.41228,3.59793,4.96152,6.41963,6.84037,3.86074,3.63347,3.37017
AT5G51270,15,5.27853,5.14889,5.96719,4.45813,4.75455,4.07645,5.15287,5.44346,5.73375,4.85206,4.90333,3.94261
AT5G50540,15,5.66708,6.46137,7.24786,3.46708,4.66915,5.43553,6.06455,6.33437,6.71733,3.73161,4.97294,5.38092
AT5G50000,15,489.466,396.755,494.332,487.013,376.336,369.552,445.41,385.489,539.128,439.292,378.581,354.03
AT5G50240,15,7.46709,7.35528,7.6979,8.16555,5.56454,7.93584,7.78629,6.86991,8.37613,7.83477,5.49905,7.5617
AT5G49310,15,4.57547,3.41728,4.17828,2.943,3.43147,3.56178,4.97182,3.23326,4.54216,2.75423,3.54125,3.49227
AT5G48150,15,221.088,223.92,267.418,188.264,162.638,186.027,201.724,237.732,282.345,182.611,160.309,179.532
AT5G48100,15,4.88651,6.01279,6.66348,4.49065,4.01059,4.41962,5.16142,6.04959,6.7042,4.32725,3.97366,4.28248
AT5G47850,15,3.93353,4.45704,4.50792,2.99075,3.05645,2.82154,3.90725,4.34067,4.74902,3.22394,3.35015,2.77717
AT5G47440,15,3.43302,3.66263,3.99639,3.2598,2.90483,2.78342,3.46978,3.77621,4.15835,2.96761,3.11599,2.51679
AT5G47000,15,9.57831,8.87846,9.79129,8.53703,5.94891,7.2902,10.2157,8.38614,9.38074,8.1098,6.34849,7.09702
AT5G46520,15,5.19094,4.60754,5.65531,5.08616,5.01898,4.86291,5.52188,4.3575,6.15622,5.13438,4.65045,4.38847
AT5G46660,15,4.20329,4.65508,5.43133,3.63583,3.56936,4.21973,4.53379,4.61967,5.20149,3.32366,3.2991,3.98133
AT5G46730,15,15.29,14.478,18.4575,12.2561,12.0451,9.38569,16.712,14.2809,20.2114,13.3835,11.3859,8.62047
AT5G45830,15,4.04534,4.38541,5.10788,3.75162,3.20899,3.74348,3.73668,4.03457,4.86134,3.60566,3.07719,3.75697
AT5G46040,15,3.82677,3.51638,3.60117,2.59517,2.68929,3.2767,4.17921,3.33024,3.93142,2.6707,2.82696,3.06173
AT5G46080,15,10.2812,8.72248,10.1372,8.70192,7.89865,6.87004,9.92175,8.37275,9.67826,7.88858,7.41488,6.59382
AT5G44980,15,5.09181,5.38528,6.56041,4.20453,4.12076,4.1103,4.94419,4.99505,6.84265,4.46953,3.77348,4.3489
AT5G44820,15,6.28844,5.9926,6.88421,5.71925,5.37719,6.12724,5.70204,5.98097,6.5712,5.54595,4.93579,6.13388
AT5G44190,15,568.798,646.443,601.594,100.575,173.897,406.814,525.971,618.423,627.271,105.147,165.817,369.535
AT5G44270,15,5.3882,5.82666,6.61817,3.3754,3.86267,2.85803,5.09275,5.26021,7.09241,3.17911,3.62713,2.95997
AT5G43610,15,4.68016,4.82624,5.44019,4.10406,3.86112,5.09021,4.53326,5.2818,4.97665,4.29382,3.6231,5.25037
AT5G43870,15,18.3375,17.3904,19.5782,16.7016,16.1036,20.0966,19.6689,16.1449,19.4503,17.2702,15.5334,20.6758
AT5G43450,15,32.3273,35.2194,48.7025,25.9278,31.4538,24.6533,33.9964,34.0803,46.1412,24.4696,32.231,26.7606
AT5G43380,15,8.43279,8.29304,9.06304,8.61088,7.28711,7.63132,7.80742,8.06883,9.94083,8.0043,7.73871,6.89687
AT5G43120,15,5.4976,5.1249,5.77088,3.60627,4.56853,3.99008,5.44782,5.13838,5.58775,3.70639,4.28267,4.25392
AT5G43160,15,5.80535,5.79411,6.72642,4.66261,5.07596,4.49606,5.52888,6.07768,6.0666,4.69084,4.76627,4.80597
AT5G43170,15,11.1373,9.65745,10.4121,7.17504,9.63137,9.29422,10.7542,10.4835,11.4112,7.17672,9.03127,9.29266
AT5G42810,15,105.306,90.0945,96.1158,50.6673,47.25,69.3354,100.129,83.4719,91.829,45.6468,44.3827,72.3911
AT5G42380,15,4.53842,4.04026,4.90842,4.48598,3.42661,3.81309,4.63164,3.76129,5.33026,4.67682,3.65291,3.64213
AT5G42230,15,4.41213,4.87753,4.73671,3.68722,3.34789,3.58891,4.2254,4.52461,4.88011,3.97266,3.63236,3.65005
AT5G41370,15,80.0357,88.3475,108.504,61.6274,69.9703,82.5768,72.8897,81.2867,104.471,64.6719,74.1265,85.2402
AT5G41220,15,22.6322,21.5647,26.0748,20.6584,18.6161,21.3286,21.0119,21.0255,25.3072,19.0908,19.6859,20.5715
AT5G40680,15,5.44417,5.93072,7.50278,5.02021,4.56751,4.81903,5.30482,5.51149,7.47096,4.91448,4.51086,4.484
AT5G40750,15,3.87076,3.94693,4.90171,4.08944,2.78459,3.03893,4.14286,4.33624,4.54605,4.22436,2.62594,3.11968
AT5G40730,15,2565.8,2440.45,2537.17,2266.39,2166.41,2339.92,2376.6,2398.03,2515.65,2114.85,2366.62,2433.45
AT5G40050,15,3.75438,3.79426,4.22962,2.76848,2.90956,3.10859,3.55615,3.95973,4.1362,2.7639,2.77264,3.07989
AT5G39785,15,5.52445,4.18106,6.0695,4.11058,4.3516,5.79258,5.0792,4.25256,6.16465,3.77798,4.25989,5.82003
AT5G40030,15,7.28669,6.35666,10.0982,6.19077,4.90939,4.63443,7.48451,6.49963,9.43281,6.18084,4.7845,4.61779
AT5G39380,15,6.68138,6.44413,6.66394,4.80701,5.95437,6.48771,7.2406,6.92237,6.90189,4.79939,6.31714,6.65777
AT5G39440,15,3.67897,3.9694,4.92243,2.83515,4.08664,3.51378,3.69223,4.15938,4.53473,2.82134,4.18411,3.3987
AT5G39690,15,4.68901,4.44605,5.22011,3.40415,3.96126,4.83063,4.53309,4.27321,5.15546,3.42145,4.30477,4.74018
AT5G39280,15,6.36317,5.55887,6.68175,4.17658,4.69235,4.44659,5.88498,5.03987,6.46398,4.01275,4.4459,4.33301
AT5G38650,15,445.978,413.692,438.798,428.449,407.753,470.408,416.421,443.929,457.317,421.692,392.133,432.363
AT5G38035,15,4.14828,4.49476,5.03994,3.89571,3.86025,4.38689,4.07609,4.26745,5.1315,3.52945,3.75407,4.63651
AT5G38450,15,4.02772,5.04009,6.37024,3.34956,3.61693,3.3069,4.41812,5.29598,6.46488,3.2354,3.52277,3.53086
AT5G37620,15,4.54283,4.61378,4.73226,3.42516,3.98134,4.65364,4.30505,4.16868,4.998,3.34921,3.8187,4.57246
AT5G37970,15,5.37917,4.2468,5.09605,4.9102,3.96486,5.49497,4.88073,4.34306,5.27534,4.56345,3.59773,5.42101
AT5G37370,15,61.2536,52.5653,77.1569,57.2535,60.9791,59.1598,64.098,50.1835,80.6746,52.8848,64.7906,53.9932
AT5G37440,15,8.57766,9.06744,9.33237,8.01693,8.67282,7.86718,9.31178,9.02153,8.69447,7.71917,8.64645,7.4896
AT5G37520,15,3.97505,4.11184,4.1912,2.86509,3.07656,3.07872,3.81192,3.84062,4.03146,2.65498,3.13973,3.09886
AT5G37560,15,4.58436,4.04739,7.21936,4.10443,3.26498,3.84463,4.34636,4.16971,6.55987,3.71643,3.55786,3.48057
AT5G37180,15,6.58092,7.51406,10.0418,5.18646,5.34366,6.8339,6.17187,7.82681,10.945,5.02986,4.8216,6.35995
AT5G35880,15,7.44414,5.9813,8.62719,5.28592,6.03899,6.23515,7.53473,5.49693,8.60461,5.64852,5.96365,6.15981
AT5G36090,15,5.62022,4.9283,6.09435,5.20812,4.55932,5.50512,5.78365,4.58977,5.76343,4.91248,4.73571,5.21304
AT5G35640,15,4.96013,4.91343,6.4257,4.2236,4.54817,4.51352,4.6902,5.29735,6.42506,4.62261,4.24024,4.67202
AT5G35710,15,4.34446,3.42022,4.21409,3.17434,3.44264,3.68589,4.58509,3.71091,4.43654,3.01101,3.34302,3.34979
AT5G24410,15,26.3834,27.6451,25.2174,13.432,16.7277,16.2197,25.0303,27.009,26.1908,12.2298,17.7421,16.5778
AT5G24480,15,3.83361,3.40055,4.6943,3.43778,3.2815,2.88253,3.75634,3.37883,4.69529,3.37668,3.08807,2.85654
AT5G24510,15,6.11809,5.89236,6.6871,5.22301,4.07955,5.19731,5.80375,5.57119,6.3471,5.43546,3.77151,4.93843
AT5G24340,15,9.68745,6.30782,12.8308,6.69073,8.16519,7.65582,9.51161,5.89045,13.4973,7.05976,8.26906,7.92018
AT5G23650,15,3.70044,3.45121,4.973,3.48166,2.90218,3.30621,3.43045,3.22713,4.81819,3.62904,2.81764,3.05669
AT5G23150,15,9.47909,8.86192,10.604,7.80386,7.64811,8.55103,8.62914,8.27538,9.57565,8.53373,8.15062,8.53288
AT5G23170,15,9.37426,8.41311,9.02532,7.6155,6.66404,7.0988,10.2031,9.15135,9.71316,7.8596,6.04793,6.52853
AT5G23180,15,5.02921,3.59151,4.97836,3.83042,4.09201,3.7981,5.13946,3.33482,4.55072,3.74426,4.44874,3.7621
AT5G22690,15,7.23277,6.5402,8.52239,5.33753,5.66962,5.58117,6.82597,6.28455,8.11685,5.09187,5.16996,6.12085
AT5G22810,15,4.79204,6.34648,8.14437,3.69297,4.21779,4.43345,5.1716,5.96222,8.69714,3.7965,4.24202,4.02324
AT5G18840,15,5.02637,4.2048,4.85019,4.54428,3.28837,3.55978,4.90444,4.48443,4.86712,4.85422,3.18394,3.34752
AT5G18990,15,3.97474,3.90921,6.14784,3.59235,3.12932,3.2639,3.63311,4.12499,5.5757,3.66706,3.10184,3.28649
AT5G18510,15,4.7743,4.82628,5.74042,4.04213,4.67315,5.03469,4.82412,4.40868,6.19443,4.33881,4.82865,5.19732
AT5G18450,15,7.39231,5.24808,7.50328,5.95252,5.69062,6.54079,7.10874,5.74981,7.47163,5.73748,5.25533,6.89449
AT5G18040,15,12.8999,10.301,11.2222,9.15966,10.8534,9.84763,13.0621,9.34276,12.1708,9.71701,9.81083,10.4862
AT5G18160,15,4.6659,4.4895,4.64469,4.72122,3.84867,4.07363,5.10046,4.73337,4.87047,5.16375,3.76183,3.71186
AT5G17950,15,4.46228,3.93085,4.31211,3.59155,2.91447,3.1254,4.33144,3.94511,4.13272,3.78585,2.62415,3.15961
AT5G17180,15,5.33382,5.00977,5.12494,3.65955,3.98996,3.92172,5.45308,4.79209,5.09769,3.58742,3.62881,3.99665
AT5G16320,15,18.1429,16.1764,23.1765,16.7091,17.8319,20.6982,19.8361,16.9464,21.3132,17.4596,17.144,22.4783
AT5G15120,15,7.73674,7.11531,8.13588,6.4223,5.69724,7.14679,7.58889,6.93041,7.75093,6.86402,5.28826,6.44613
AT5G15180,15,132.945,149.359,145.637,60.1691,69.2717,115.264,126.453,143.55,147.679,55.8158,70.782,123.15
AT5G15290,15,10.739,5.96477,10.3765,7.89806,7.66363,6.6756,10.0925,6.1738,9.53379,7.79627,7.10809,6.5348
AT5G14400,15,4.79749,5.00506,5.17929,3.49638,3.17997,3.60315,4.81617,5.04428,5.27266,3.51438,2.97818,3.71588
AT5G12970,15,6.60453,6.20932,7.1423,4.76411,4.94512,6.18785,7.03956,6.01485,6.84487,4.78419,4.6457,6.71542
AT5G13320,15,4.53248,5.87254,8.3639,3.85304,3.54817,3.07505,4.90626,6.27494,8.02413,3.8156,3.59867,3.3614
AT5G13380,15,5.00981,5.04595,5.92506,4.2081,3.39487,4.46071,5.48527,4.72371,5.73396,3.80269,3.35503,4.67023
AT5G11920,15,6.92635,6.40271,7.08476,4.69001,4.75916,5.16356,7.20472,6.24523,7.73045,4.95872,4.56763,5.27087
AT5G12250,15,1568.84,1247.88,1457.51,1451.69,1185.47,1310.23,1649.42,1281.03,1449.06,1333.74,1134.19,1227.83
AT5G12040,15,164.546,157.157,155.215,153.564,160.765,139.533,164.424,165.378,170.314,159.065,156.947,126.616
AT5G11540,15,10.3516,9.39122,10.3851,9.05881,7.8072,7.96631,10.3221,9.16755,10.975,9.34073,8.18305,8.50694
AT5G10880,15,5.33598,4.87879,5.27373,4.74333,3.7075,4.95779,5.67054,4.51229,5.29215,4.31644,3.83446,4.4716
AT5G11180,15,3.59908,4.3575,4.70307,3.3042,3.46969,3.0078,3.80515,4.03151,4.39746,3.00797,3.66835,3.25415
AT5G10250,15,6.48639,5.9191,6.91231,4.2313,5.09979,4.49978,6.56346,6.03572,6.66429,3.90382,5.33754,4.08467
AT5G10260,15,7.14573,7.36801,8.04352,6.98643,5.60407,6.84157,7.33529,6.74257,8.73319,6.43024,5.7127,6.42937
AT5G08090,15,4.87418,4.59702,5.84276,4.01987,3.57299,3.74003,4.47116,4.27145,5.73669,4.13826,3.74891,3.62629
AT5G08220,15,4.63438,4.48061,5.54818,4.34765,3.66552,5.19707,4.75283,4.0412,5.2048,4.42821,3.40216,5.17256
AT5G07720,15,6.44815,7.02912,7.82035,6.02169,4.72231,5.93015,6.40441,6.54578,7.71106,6.41515,4.96484,5.87767
AT5G07740,15,5.19532,4.75541,5.16991,4.44495,3.87888,3.5699,5.27957,4.5194,4.92011,4.41012,3.97377,3.8358
AT5G07770,15,6.83703,6.80476,10.1567,4.99263,5.62712,5.90796,6.95417,6.52695,10.0054,5.45987,5.7906,5.92435
AT5G07310,15,6.32407,5.91913,6.54914,4.1898,4.88397,4.2302,6.1932,6.4355,6.71931,4.56203,5.21153,4.35628
AT5G07540,15,4.75262,5.44635,5.67548,3.95412,4.03762,4.35333,5.21014,4.95331,5.36727,3.5835,3.71211,4.75632
AT5G07050,15,4.72736,4.54368,5.28964,4.06899,3.76662,4.82773,5.11104,4.89886,5.64292,3.81935,3.49634,4.84263
AT5G06520,15,4.9662,4.93309,7.38807,3.53848,3.96862,4.42189,5.25986,4.50461,7.82372,3.29573,4.27968,4.69553
AT5G06630,15,95.3446,102.498,107.087,98.4609,62.9434,79.0938,101.381,96.8914,108.498,95.9915,69.1293,77.8492
AT5G06640,15,58.8155,63.2435,66.2513,60.2572,38.1697,58.7161,57.0368,62.6776,70.6642,57.3142,38.7626,57.639
AT5G06510,15,4.30939,4.19478,5.6421,4.06733,3.42383,3.43858,4.51207,3.85237,5.2199,4.31668,3.33804,3.71761
AT5G06740,15,5.37959,5.82245,6.49442,4.50379,5.55698,4.52464,5.29224,5.41825,6.97013,4.72055,5.22485,4.86191
AT5G06170,15,4.7048,5.10676,5.42335,3.71232,4.27207,3.88007,5.07914,4.83833,5.67066,3.50673,4.66163,3.7553
AT5G05900,15,4.47513,3.98559,5.38414,3.90752,3.94507,4.12889,4.44437,3.72138,5.86981,4.22659,3.79029,3.91565
AT5G06020,15,5.30583,5.64514,6.1769,4.19553,4.07734,4.94758,5.59737,5.22886,5.97867,3.93366,4.2195,4.9074
AT5G05030,15,4.20665,4.60187,6.83972,3.15092,3.71406,3.96373,4.45294,5.02186,6.8815,2.93458,4.03586,3.71573
AT5G03980,15,5.43084,5.71616,7.81317,5.27499,4.31898,4.23467,5.29366,6.19634,8.07115,5.03481,4.36778,4.34323
AT5G04020,15,16.9942,15.7187,21.9018,13.3841,14.1401,15.3813,15.33,17.2507,20.9434,14.0515,14.5524,14.3128
AT5G03590,15,4.38799,4.63345,5.91194,3.98721,3.05436,3.69436,4.52041,4.28017,5.33052,3.73721,2.75199,3.5204
AT5G03640,15,6.35659,4.81573,6.17384,4.76138,3.45055,3.82021,5.74034,5.07708,5.92194,4.91777,3.20374,3.47081
AT5G03240,15,1275.19,1126.81,1593.58,1045.79,1099.22,1342.88,1153.26,1096.87,1641.31,1024.5,1117.54,1243.97
AT5G03040,15,571.794,592.786,642.674,490.287,497.511,403.376,567.866,581.138,606.101,460.789,486.221,443.067
AT5G03520,15,690.302,631.249,649.357,506.119,511.222,671.733,650.44,630.702,683.787,466.156,527.165,626.339
AT5G02520,15,5.38939,5.42648,5.83123,4.80437,4.52538,6.18356,5.79653,5.10948,5.77435,4.52093,4.89935,6.16183
AT5G02040,15,108.148,73.0961,114.539,91.4889,81.3265,85.1944,99.6137,76.0357,116.935,99.5505,76.8004,80.0392
AT5G02330,15,5.12442,3.69625,4.86699,3.91393,4.11612,3.58425,5.20222,3.37034,5.10994,3.97439,4.23742,3.68399
AT5G02460,15,5.17622,5.28712,6.65177,5.36668,4.11491,4.65555,5.37022,5.08994,6.16477,5.7482,3.96764,4.39319
AT5G02000,15,5.19853,4.82679,5.98504,4.18484,3.69216,5.50505,4.8343,4.83974,5.5116,4.10589,3.33827,5.31407
AT5G01030,15,34.0645,33.6444,36.8301,32.8874,27.9554,34.7718,36.3022,34.5465,36.3167,33.8737,29.2365,33.215
AT5G01190,15,7.51405,7.70035,9.74942,6.35901,5.45131,7.0629,7.20712,8.3845,9.2736,6.3721,5.737,7.07225
AT3G63350,15,6.19232,5.27865,7.95227,5.11164,4.8165,4.01237,5.99776,5.74816,8.12436,4.62185,4.90603,4.11519
AT3G63020,15,4.60075,5.10427,6.0031,4.45183,3.82423,3.99711,4.40339,4.78623,6.13626,4.10447,3.9184,3.72255
AT3G63070,15,59.9015,49.6963,63.2008,49.2111,47.2897,53.8219,57.6667,48.3343,64.1312,50.2748,50.8204,49.3826
AT3G62480,15,6.25455,6.11487,8.39196,5.34935,4.46234,6.58719,5.95696,5.86464,8.1168,4.83391,4.18299,6.9299
AT3G62440,15,3.49135,3.96572,4.41117,3.28466,3.19139,3.46829,3.52263,3.57432,4.76393,3.42297,3.06408,3.15316
AT3G61580,15,1031.21,698.712,1171.11,456.088,600.174,845.033,1038.6,695.006,1247.13,413.096,624.292,881.227
AT3G61450,15,7.42125,6.63618,7.16852,5.94691,4.38839,6.61887,7.86799,7.09769,7.79451,5.85632,4.67246,6.72827
AT3G60940,15,4.02031,4.30209,4.52698,3.09111,3.3168,3.59317,4.36143,4.152,4.75882,2.85106,3.21705,3.90622
AT3G60980,15,118.639,92.3065,212.03,71.3546,91.7963,113.129,119.858,93.4289,212.521,65.5123,88.8493,109.169
AT3G61300,15,7.32223,5.58365,8.77791,6.28565,5.27436,5.04911,6.91837,5.07793,8.83568,6.1663,4.96606,5.09804
AT3G60480,15,43.4139,31.9126,54.7573,37.6029,42.0112,22.7285,40.4199,34.6249,55.495,38.7001,39.5593,21.9654
AT3G60540,15,9.38567,8.29504,11.6677,7.34362,9.86539,6.59283,9.15112,7.50273,11.5137,7.43827,9.47356,7.13756
AT3G60560,15,3.04671,3.47973,4.0407,2.98724,2.84498,2.86742,3.31681,3.56523,4.29264,3.14147,2.56833,2.76183
AT3G60120,15,6.66973,6.05095,8.02192,4.89943,4.37324,5.03182,6.88378,5.83059,7.49261,4.74061,4.75773,5.39635
AT3G59790,15,3.96855,5.23949,5.97684,3.52744,2.5164,2.94073,4.19804,5.41785,6.51712,3.31672,2.26732,3.0999
AT3G59730,15,5.8377,6.32684,6.94002,4.85109,4.73556,5.68278,5.31498,6.25138,6.8878,4.88236,5.06155,5.36444
AT3G59030,15,4.06532,3.73878,4.55957,3.50009,3.54916,2.91835,3.99065,3.95329,4.65752,3.53541,3.56183,2.82929
AT3G59190,15,4.05104,5.26097,5.27178,3.16327,2.48523,3.10801,4.29591,4.81357,5.24493,3.34901,2.67898,3.01073
AT3G59260,15,4.60438,5.21175,6.14294,3.82512,4.07175,4.1702,4.64721,5.33217,6.07599,3.60659,3.80449,4.36643
AT3G58300,15,5.07044,4.61679,5.4121,5.12348,3.68228,4.11685,4.99424,4.85532,5.87845,5.6106,3.79763,3.73869
AT3G57960,15,5.0312,5.22773,5.6642,4.0746,4.85175,5.00611,4.97363,5.36566,5.53708,4.28447,4.38942,5.30899
AT3G57440,15,4.16203,4.45826,5.64647,3.87652,4.53375,3.645,4.47794,4.18015,5.15498,3.83408,4.87338,3.60681
AT3G56940,15,2832.51,3564.15,3827.07,1450.87,1127.8,1955.51,2635.31,3398.73,4052.61,1552,1075.45,2064.91
AT3G56610,15,5.11035,5.46162,5.1659,4.17165,3.42046,3.97078,5.33707,5.35113,5.65417,4.58179,3.29539,4.21038
AT3G55890,15,7.84958,7.63545,7.94124,5.79206,7.27395,7.00876,7.92172,8.00992,7.61559,6.00778,6.99318,6.78848
AT3G55880,15,5.6779,6.25198,6.92212,4.3122,3.75659,3.4173,5.84383,6.33657,6.26063,4.38133,3.53858,3.64778
AT3G55550,15,5.08633,5.36068,6.67691,4.32958,5.08037,5.12658,5.0966,5.53896,6.78694,4.39734,4.95789,5.54922
AT3G54970,15,15.7423,13.7921,22.0323,13.787,15.8592,15.2046,15.1264,12.6504,21.3547,13.8467,15.1539,15.897
AT3G54900,15,1038.18,1366.4,1465.57,648.419,432.317,606.338,1032.52,1392.42,1598.11,657.223,421.047,567.858
AT3G54200,15,325.939,345.246,410.518,238.878,186.108,264.684,341.519,368.977,374.073,260.295,188.447,289.898
AT3G52710,15,12.7933,13.2527,13.0386,12.5978,11.1145,8.38996,13.0902,12.163,13.6973,12.0618,11.3515,8.35963
AT3G51990,15,65.8454,62.8761,68.635,40.9757,35.5763,48.08,69.8162,62.0031,66.6294,42.4553,35.855,50.8267
AT3G52510,15,3.5333,4.07885,4.53482,2.95835,3.13189,3.47199,3.61355,4.10343,4.83263,2.70208,3.2775,3.56386
AT3G51540,15,4.74494,4.30551,6.16238,3.626,3.57124,4.39451,4.37081,4.18866,6.25229,3.59744,3.77572,4.55488
AT3G50990,15,5.36597,5.0744,5.73224,4.37407,3.2923,4.16122,5.901,5.4381,5.29638,3.94268,3.16813,4.03944
AT3G50720,15,5.71265,5.96014,6.96281,4.482,4.65235,5.156,5.82153,5.39443,7.32981,4.83009,4.80126,5.40766
AT3G50730,15,4.65836,5.55823,6.57957,4.21893,4.05344,3.96064,4.94211,5.81454,7.23106,4.09922,3.71088,4.10317
AT3G50160,15,4.11772,4.71427,6.53806,4.09214,3.5529,2.92868,4.24408,4.42133,5.9455,3.83322,3.2764,2.75369
AT3G49830,15,3.7822,3.82212,4.69339,3.75328,3.29338,3.08007,4.00623,4.11562,4.60708,3.39,3.36665,3.22896
AT3G50010,15,5.40157,5.02129,5.38832,4.20385,4.30841,3.69341,5.37849,5.239,5.04954,4.10869,4.63273,3.46564
AT3G49280,15,4.98822,5.09499,5.34443,4.25426,4.09492,3.5814,4.94802,5.53719,5.85453,3.98619,4.18358,3.91695
AT3G48810,15,7.5548,6.46971,9.1608,6.44086,5.16645,6.16915,7.68885,6.7749,9.96692,6.65076,5.56877,5.65427
AT3G48950,15,4.64694,4.84133,7.63358,3.82028,3.12804,4.31051,4.73725,5.01658,7.18874,3.94176,3.13192,4.63355
AT3G47340,15,326.711,123.917,216.063,13.628,31.9566,50.6771,321.308,123.363,222.624,14.0115,30.1689,50.8523
AT3G47110,15,4.57457,3.88408,5.53271,3.92151,4.53823,4.93268,4.66397,3.654,5.9472,4.13687,4.82662,4.62884
AT3G47140,15,5.13432,4.17725,5.29278,4.1151,3.27519,3.80739,4.84431,4.41017,5.09934,3.99571,3.55859,3.89197
AT3G47260,15,4.89904,4.4086,4.7228,4.52422,4.09795,3.58975,4.96927,4.33341,4.85359,4.29214,3.73893,3.41472
AT3G46690,15,9.71616,9.51282,9.72846,7.32649,7.34775,8.29855,9.72178,8.95414,9.37829,6.8934,8.03782,8.31909
AT3G46760,15,5.66015,5.93471,6.84778,4.58921,4.72456,4.40003,5.92625,5.35126,6.81989,4.18012,4.44879,4.04092
AT3G46810,15,4.33551,4.39086,5.62005,4.07364,4.91804,4.53611,4.52277,4.11032,6.13054,3.85632,4.74834,4.1274
AT3G46840,15,4.75103,5.54247,5.90426,3.50056,3.56271,4.32263,4.51259,5.37762,5.69207,3.68282,3.4053,4.67397
AT3G46350,15,5.15662,5.54399,5.3941,4.59519,3.72254,4.03541,5.16025,5.0586,5.7588,4.79654,3.3905,4.06447
AT3G45840,15,5.57834,6.08595,6.47937,4.35454,4.6476,4.01846,5.1144,5.82856,6.86767,4.55647,4.98503,3.61763
AT3G45900,15,89.4128,86.4444,106.042,64.9005,79.2099,90.2881,84.5791,80.5775,102.642,59.4414,83.3807,94.8324
AT3G46330,15,4.98238,4.1232,4.59829,4.64876,3.30388,4.04535,5.13733,4.16548,4.89562,4.81158,3.31665,4.09243
AT3G45280,15,4.9787,3.95306,4.63199,3.46413,3.7574,3.89181,4.79242,3.79709,4.22629,3.29141,3.82741,3.78376
AT3G45500,15,4.28931,4.5912,5.47321,4.11099,4.39323,3.84406,4.22216,4.34836,5.28741,3.81857,4.01396,4.10629
AT3G45540,15,6.08226,5.8957,6.92186,4.93975,4.51629,4.49276,6.21455,5.94805,6.97153,5.10782,4.36518,4.41631
AT3G45560,15,4.5599,5.4291,5.67701,4.02719,4.36901,4.16724,4.65344,5.10635,6.13015,3.64954,4.25953,4.48463
AT3G45390,15,4.8739,4.69934,5.31695,3.58202,3.53795,3.75923,4.70234,4.84907,5.78665,3.38793,3.88553,4.00601
AT3G44070,15,4.64045,4.04264,5.65241,3.97735,3.79064,3.51362,4.91793,4.27707,5.091,4.15277,3.85563,3.69726
AT3G44080,15,4.66207,4.31638,6.00229,3.62634,3.68074,4.15368,4.49043,4.452,6.59472,3.8474,3.70518,4.06883
AT3G44140,15,33.4653,35.4971,34.1287,25.4647,22.5713,25.7845,31.493,35.464,35.9599,25.8496,22.2039,23.9481
AT3G44300,15,3289.38,3530.4,3938.34,3079.18,1866.18,2043.08,2975.53,3191.82,3622.77,3255.68,1698.95,1890.29
AT3G43680,15,6.44705,7.00637,7.58846,5.58894,4.15281,5.46005,6.53979,7.30724,7.49812,6.01186,3.73875,5.03826
AT3G43750,15,3.88567,4.13388,5.06415,3.43574,3.66054,4.06471,3.97279,4.03433,5.31775,3.2368,3.41649,3.78947
AT3G43940,15,5.3323,5.41278,6.52447,5.05113,4.62299,4.56007,4.98536,5.08308,6.94742,5.25086,4.94698,4.89308
AT3G43130,15,5.6923,5.59401,8.29972,4.78089,5.89994,6.74409,5.53999,5.62253,8.5596,4.56706,6.20913,6.62412
AT3G43140,15,5.30416,4.65485,6.04715,4.6322,4.54799,4.96256,5.37812,4.25848,5.8111,4.75132,4.38464,5.0254
AT3G43170,15,4.89747,5.25031,6.12212,3.60936,3.20623,3.46653,4.86675,5.21276,5.84913,3.70191,3.43376,3.13248
AT3G43190,15,11.7971,9.52513,14.6791,9.51501,10.4399,12.0913,12.3089,9.23818,16.008,10.3653,10.2536,12.0874
AT3G43530,15,12.4457,14.2217,17.7343,8.17688,6.4231,7.41189,12.478,14.4054,16.115,8.69471,6.41809,8.04482
AT3G42770,15,4.06053,4.48395,5.51649,3.55243,3.5336,3.77563,4.07878,4.35681,5.22183,3.66275,3.29104,3.54976
AT3G42780,15,3.9858,4.39257,4.4861,3.3401,3.59377,3.23667,4.34314,4.12202,4.08414,3.12322,3.34541,3.39897
AT3G42800,15,16.2555,10.3404,28.977,7.45527,11.4084,12.7448,17.7947,10.4967,31.494,7.40891,11.6065,13.1934
AT3G42900,15,3.86368,4.57754,4.877,3.47664,3.66906,3.54665,4.03251,4.16751,4.85156,3.18059,3.55042,3.55401
AT3G42910,15,4.49942,4.52259,5.3463,3.36389,4.12733,3.70924,4.34946,4.62347,5.06443,3.19661,4.48978,3.76667
AT3G42940,15,4.753,3.85695,4.97175,4.4239,4.15941,3.81015,4.95592,3.77309,5.11026,4.78395,4.38689,3.90035
AT3G42960,15,3.97615,4.31727,5.44489,4.17235,3.60638,4.3932,4.356,4.72857,5.59455,4.03767,3.26405,4.08819
AT3G42290,15,6.26534,5.94258,6.37028,4.73841,4.78543,5.66587,5.87657,5.86697,6.23537,4.31502,4.96751,6.16373
AT3G42460,15,6.48099,5.23034,7.1887,4.26325,4.38465,5.07508,6.79732,4.8507,7.10529,4.44056,4.4257,5.47128
AT3G42540,15,5.58743,4.36225,5.25196,4.40676,4.31812,4.52595,5.90709,4.543,5.12199,4.4372,4.0478,4.92373
AT3G42640,15,7.20817,5.41313,6.85791,5.72032,6.2061,5.21713,7.43832,5.27306,7.278,6.02706,6.43423,5.44778
AT4G39753,15,4.59243,4.97104,5.44528,3.44651,3.96832,4.42055,4.39727,4.89779,5.47843,3.68701,4.28804,4.33474
AT4G39490,15,3.71208,3.94349,4.70943,3.56488,2.8206,2.93185,3.62172,3.82488,5.1495,3.21507,2.73229,3.07758
AT4G39590,15,6.04869,5.4469,5.84721,5.33885,4.1724,3.80873,5.96277,5.61357,6.05719,5.12064,4.49975,3.88948
AT4G39010,15,6.60288,6.67667,8.49778,6.18121,5.23838,4.84614,7.21272,7.23524,8.4501,6.08658,5.56189,4.47593
AT4G38860,15,955.612,474.305,786.473,184.684,331.972,370.741,929.658,462.12,821.716,172.07,310.307,359.902
AT4G38840,15,1554.88,1159.86,1312.94,670.499,922.173,1037.19,1666.85,1155.68,1418.73,689.635,1009.49,1049.84
AT4G37950,15,4.54431,4.23631,5.59132,4.07622,3.70091,4.21216,4.38782,4.32493,6.09783,4.18237,3.84673,4.55732
AT4G38000,15,3.75033,3.39005,4.29259,2.8399,3.5456,2.75086,3.89754,3.46877,3.91084,2.85149,3.72991,2.53819
AT4G38190,15,4.58384,5.10866,5.59639,4.06001,4.25023,4.6154,4.72987,5.32655,6.04391,4.05944,4.52979,4.35888
AT4G35840,15,13.6028,15.1609,25.3592,15.4001,7.09709,10.2671,13.5685,14.6896,24.5633,16.6507,6.69257,10.5861
AT4G35070,15,9.41529,7.63456,8.27089,5.18704,5.44319,7.25228,9.34592,7.10827,8.67252,5.40124,5.89637,7.83062
AT4G35270,15,13.4173,9.9325,13.1892,11.2268,8.82487,10.151,12.794,9.09146,13.1954,12.2668,8.35304,9.42461
AT4G35400,15,6.06254,5.84072,6.53164,5.87874,4.76512,5.68831,6.62792,5.88726,6.5899,6.28839,4.90919,5.90541
AT4G34400,15,5.11262,4.66342,5.17431,3.51902,4.09443,4.09944,4.92014,4.33036,5.03834,3.51217,3.69289,4.30543
AT4G33790,15,22.9474,20.2117,29.6265,19.4382,19.8732,28.1219,22.9413,18.1991,27.8262,17.7966,18.8029,29.7864
AT4G32490,15,4.03631,3.89977,4.18571,3.42711,2.7542,3.54371,3.83825,3.94687,3.8535,3.59581,2.5487,3.72288
AT4G32700,15,4.598,3.63175,4.25762,3.17521,3.10884,3.08478,5.03303,3.34475,4.64974,3.2823,3.02123,3.00303
AT4G32350,15,29.4565,28.0478,34.5099,16.8666,21.3929,18.4987,32.0768,26.8926,36.2763,15.3847,22.534,19.8737
AT4G31960,15,4.28483,4.86737,5.78347,4.29076,3.64515,3.8164,4.64752,4.45772,5.37063,4.00019,3.33477,3.74488
AT4G31740,15,4.21297,4.56868,5.63748,4.21167,3.61311,4.35544,4.16938,4.44925,5.6291,3.85048,3.44859,4.58128
AT4G30770,15,4.67948,4.80666,5.77686,3.43902,3.21519,3.99487,4.63463,4.65827,5.29508,3.74206,2.96203,4.10465
AT4G29940,15,9.6431,10.8615,11.778,6.98722,9.63224,11.7471,8.94102,10.0118,12.3563,6.59464,9.03955,10.7357
AT4G29340,15,6.28709,5.88641,6.80066,5.32966,5.60944,6.55108,6.49376,6.34469,6.32837,5.4033,6.04175,6.70094
AT4G28670,15,4.46254,4.8808,4.76769,3.14499,3.66347,3.23087,4.64303,4.70585,4.93653,2.9034,3.46221,3.52364
AT4G28700,15,6.26359,6.06455,6.88892,5.03594,4.95167,4.67659,6.40524,5.62463,6.36077,4.61991,4.92954,4.97457
AT4G28710,15,6.55928,6.34221,7.18134,5.96612,5.90412,5.35418,7.08015,6.23278,7.55285,6.12209,6.03034,5.68603
AT4G28500,15,8.90194,9.16079,9.10287,7.15559,8.14636,6.84372,8.49111,8.58833,8.55171,6.53053,7.62584,7.36395
AT4G28085,15,39.1187,22.3449,31.9936,11.0289,16.9368,16.1902,35.8325,21.4798,34.8836,11.3776,16.8883,15.3144
AT4G27790,15,4.81236,3.91048,4.40915,2.8685,2.71062,3.06259,5.04964,3.65444,4.75753,2.8413,2.95381,2.80891
AT4G27840,15,97.8609,111.873,132.388,78.0947,95.2662,81.8042,95.5616,106.246,120.68,73.19,86.7571,79.5876
AT4G27890,15,5.13896,5.51778,5.69848,4.70166,4.28857,3.95878,4.79886,4.97373,6.11612,4.33183,4.29103,3.6701
AT4G27780,15,74.4075,43.8252,64.4125,49.0912,38.3384,49.3314,80.648,45.4585,65.712,44.6607,38.2841,46.7033
AT4G27460,15,4.84306,4.13566,4.8002,4.20996,3.75633,4.51962,5.26988,4.09311,5.26206,3.995,3.95226,4.67333
AT4G27730,15,7.81271,5.87572,8.51108,5.33009,7.18969,5.23037,7.67939,5.73962,8.43657,5.84013,6.72014,5.57768
AT4G26820,15,6.06934,6.92342,8.86158,5.30192,5.12588,5.26942,6.56853,7.32946,9.62135,5.1438,5.53995,5.29235
AT4G26920,15,3.41754,4.46598,4.90321,3.344,2.52497,2.47899,3.73128,4.30157,5.36554,3.29509,2.70188,2.48562
AT4G26930,15,3.63906,3.46326,4.39282,2.90481,2.91614,2.9944,3.69051,3.59295,4.72617,3.00578,3.03835,3.24359
AT4G26000,15,48.9534,41.3813,59.151,49.6151,38.7677,37.8393,53.019,43.232,57.3039,53.2812,41.3915,38.8674
AT4G26380,15,4.14487,4.35594,5.21907,3.46453,3.39169,3.78384,3.7785,4.31264,5.71858,3.40728,3.6521,4.01109
AT4G25860,15,6.25211,6.73156,6.83791,4.50955,6.43457,5.6625,6.32726,6.38728,7.39959,4.11267,5.83178,5.87395
AT4G25680,15,107.564,114.198,125.084,99.4768,103.95,98.6567,110.876,109.22,133.834,90.2404,112.797,102.025
AT4G25110,15,4.725,4.53372,4.86028,3.54712,3.19772,4.55894,4.57716,4.49069,4.98793,3.46082,3.51647,4.25683
AT4G24950,15,4.82672,4.97,5.37839,3.2119,3.62742,3.18082,5.08942,5.15066,5.5854,3.10959,3.52611,3.35098
AT4G24110,15,6.70492,6.89521,6.52344,6.3688,6.05524,5.74761,7.16308,6.77891,7.0268,5.89205,6.54469,5.34586
AT4G24180,15,5.20811,5.07243,5.49312,4.6387,4.09738,5.11792,5.1393,4.754,5.95309,4.3173,3.86968,5.50485
AT4G23450,15,6.55991,5.39964,6.53131,6.04146,5.11983,6.08261,6.41117,5.64772,5.93355,5.85747,4.76903,6.19554
AT4G23650,15,743.968,654.65,771.312,429.844,480.672,619.82,808.651,647.308,805.533,401.075,445.02,581.313
AT4G23210,15,4.43138,4.85435,6.14354,3.89888,4.0622,3.92752,4.47691,4.97265,6.69907,3.78916,4.34864,4.16161
AT4G23240,15,4.21904,4.55594,4.85532,3.59364,4.38786,4.27459,4.15598,4.54522,5.16195,3.32988,4.75587,4.11394
AT4G23140,15,5.2472,4.2151,5.97435,3.35699,3.00562,3.12036,5.18162,3.84628,6.15021,3.58454,2.89138,2.91969
AT4G23130,15,5.24716,4.72835,5.17491,3.83904,4.52166,4.1027,5.58437,4.68637,5.5124,4.07175,4.39154,4.20429
AT4G22430,15,4.18727,3.85882,6.20289,2.78066,3.14131,3.5676,4.20404,3.64948,5.99338,3.02891,2.83283,3.76463
AT4G22485,15,18.5817,14.0329,28.052,11.5597,10.6392,16.3777,19.7173,12.8028,28.7131,11.733,11.0082,15.9782
AT4G22530,15,20.4195,18.8063,19.6259,19.2998,15.7563,17.7305,18.5062,18.6597,20.6429,19.0233,14.9829,19.0596
AT4G21865,15,4.34744,3.46297,4.93521,3.46047,4.03331,3.90495,4.44273,3.49052,4.92127,3.69982,3.83399,4.12872
AT4G21400,15,10.3616,8.36313,9.57263,7.32623,8.47824,8.20184,10.2762,8.7952,10.3678,7.14518,8.87287,8.08862
AT4G20820,15,6.42987,5.09793,6.68499,4.64084,4.27836,4.18894,6.32728,4.98117,7.07597,4.51558,3.87655,4.58454
AT4G21200,15,6.19995,5.69716,6.98025,5.86985,5.86983,5.34218,5.95549,5.3666,6.94858,5.65189,5.45325,5.73643
AT4G20280,15,226.786,225.418,305.504,197.61,222.309,248.098,206.88,215.39,300.519,190.006,223.781,241.358
AT4G20510,15,4.02201,3.81025,4.85283,4.04183,3.15213,3.95836,4.14722,3.99256,4.88516,3.67382,3.36386,3.87569
AT4G20350,15,4.55258,4.59118,5.60974,4.19828,4.45669,4.31168,4.62788,4.36365,5.76953,3.95795,4.6058,4.5972
AT4G20250,15,6.30546,6.64292,6.33665,4.58646,5.26013,6.20237,6.72948,6.677,6.96952,4.51143,5.35605,6.54358
AT4G19940,15,5.38033,4.79036,6.13929,3.78044,4.14,4.79126,5.37991,4.40526,6.53361,3.47917,3.95244,4.87289
AT4G19740,15,4.40558,4.93047,5.45225,4.1867,3.99629,4.03776,4.48939,5.03474,5.88345,3.83503,3.78245,4.14158
AT4G19860,15,780.804,674.787,779.155,733.676,707.985,693.938,846.016,698.09,772.354,681.219,721.28,749.059
AT4G18840,15,6.77947,6.82351,7.40616,5.12096,5.35348,5.23645,6.30793,7.47944,7.6365,5.11875,5.75134,4.8967
AT4G19000,15,6.84161,5.31619,6.66155,4.97162,4.15683,3.62989,6.6617,5.3602,7.29522,5.22042,4.07738,3.27553
AT4G18720,15,5.35614,4.86671,5.47715,3.84464,4.35386,4.04167,5.87289,4.53425,5.10409,3.84296,4.63647,4.19646
AT4G18170,15,5.41696,4.92601,5.34797,4.10099,4.67498,5.19543,5.27116,4.52376,5.2966,3.7788,4.98901,4.84705
AT4G18120,15,14.3456,13.8496,16.6496,14.2385,12.1878,12.9884,14.2023,15.1997,16.3662,15.2621,11.7417,13.924
AT4G17990,15,3.60141,4.11731,4.81221,2.93661,3.38751,4.19118,3.72728,4.00373,4.77996,2.71647,3.20867,4.22638
AT4G17895,15,8.97876,7.83492,11.5837,7.63644,7.63068,7.3761,9.49438,7.22449,10.9327,8.17591,7.00276,7.31093
AT4G18090,15,5.01992,4.47766,5.90041,3.63677,3.72883,4.05023,4.92454,4.55843,6.16942,3.58229,3.68478,3.89697
AT4G13550,15,31.9978,32.9715,32.5705,28.1125,29.3328,28.8294,31.8747,29.9977,35.0523,26.9178,31.3139,26.7884
AT4G13750,15,5.45341,4.26931,5.14085,4.2389,4.25955,3.96079,5.79403,3.961,5.24835,4.47213,4.65262,4.02355
AT4G12840,15,14.7275,12.3488,16.426,14.5849,11.8866,15.4263,13.4893,11.8952,17.3721,13.6515,10.7491,15.6093
AT4G10820,15,4.42415,3.95476,5.34249,3.49097,3.07617,3.11929,4.46255,4.03938,4.82617,3.77478,2.80061,3.29128
AT4G10460,15,5.1315,5.05356,5.27089,4.27973,3.62191,4.32485,5.26904,5.38592,5.78925,4.33979,3.75791,4.09613
AT4G09490,15,12.4234,13.7884,13.2726,11.0716,10.7225,10.0537,12.7055,12.8499,14.4071,11.3571,10.1333,10.0906
AT4G09520,15,24.7125,21.183,26.9282,24.5187,18.5054,24.805,24.9829,19.3131,26.2519,24.6333,17.6063,27.1329
AT4G09610,15,4.59297,4.45298,5.16299,3.60648,4.4535,4.19279,4.94798,4.06836,5.12223,3.60956,4.62274,3.86422
AT4G08600,15,4.47904,5.15935,5.95512,3.59577,3.33948,3.74507,4.1985,4.95693,5.50925,3.9525,3.32363,3.40977
AT4G08410,15,22.3012,17.2348,22.5143,19.4514,11.4639,15.2246,21.8431,15.9186,20.5067,18.0447,10.399,13.7493
AT4G07810,15,3.928,4.56898,4.89971,2.97975,3.06653,3.69686,4.26138,4.64348,5.16082,3.15405,2.97546,3.51675
AT4G07960,15,7.31513,6.94858,7.63561,6.53001,5.95348,5.9294,7.0661,7.20383,7.30794,6.38552,5.5599,5.74383
AT4G07586,15,5.26018,6.16883,7.87372,4.04731,4.69311,5.07393,5.42501,6.24339,7.91517,3.77154,4.50403,5.43155
AT4G07330,15,4.11771,4.42279,4.94414,4.05663,3.21246,4.46635,4.16925,4.55714,4.9637,3.90391,2.9585,4.86667
AT4G04660,15,3.88609,4.47322,5.24409,3.27776,3.27767,3.36764,4.13059,4.87222,5.17031,3.13004,3.48381,3.18996
AT4G04170,15,4.70805,5.05856,5.88516,4.05032,3.59969,4.87851,4.87167,4.95722,5.38046,4.03767,3.93308,4.85842
AT4G04110,15,3.97748,4.29831,5.05153,3.60899,3.52331,3.45793,3.66657,3.95199,5.54271,3.61302,3.2504,3.15403
AT4G03570,15,4.36016,4.8487,6.84241,4.03737,3.39381,3.74063,4.17268,4.84486,7.39887,4.15794,3.08188,3.71743
AT4G03380,15,4.1681,4.65626,5.65624,3.3094,3.29574,3.74548,3.90256,4.3226,5.73133,3.26953,3.33777,3.92919
AT4G02920,15,606.102,575.603,736.894,488.214,506.29,533.799,556.92,557.977,769.201,465.664,504.413,484.518
AT4G02310,15,6.3702,5.84573,7.93206,4.97858,6.27984,5.39734,6.68533,6.26739,7.76614,5.14318,6.12923,5.49849
AT4G02090,15,29.4986,31.2395,32.3125,27.8134,29.352,28.265,31.7242,30.459,33.795,27.9388,27.1691,30.6847
AT4G02190,15,6.54132,5.61887,7.36952,4.01439,6.04882,4.20636,6.42635,5.7485,7.28329,3.99202,6.34509,4.55313
AT4G01890,15,4.82756,4.55161,6.35438,3.51169,4.14065,5.79098,5.1812,4.22612,6.5575,3.5588,3.9113,6.35593
AT4G01640,15,4.14159,4.71636,4.96212,3.10446,3.18612,3.75893,4.1169,4.45497,4.71028,3.03754,3.05265,3.70124
AT4G01090,15,39.1115,32.2972,35.5361,32.0886,28.6934,28.996,38.5806,34.651,38.2087,34.658,26.8234,27.346
AT4G01280,15,32.5163,21.7989,49.3582,25.4506,27.6144,27.6614,32.1617,21.2762,49.5746,24.3605,25.8377,29.8299
AT4G00850,15,17.3075,14.8812,23.3778,12.2153,13.3458,15.1424,18.878,15.3415,22.3304,13.043,13.6361,16.0056
AT4G00760,15,10.2293,10.796,11.7058,10.1737,7.92645,8.25744,10.8022,11.198,11.8486,10.396,8.51763,8.58372
AT4G00800,15,6.5716,4.98425,6.68823,5.79368,5.25998,5.25661,6.17601,4.93742,6.44927,5.52142,5.37394,5.10071
AT4G00940,15,12.4075,10.2411,10.4522,7.34168,10.8015,6.87519,12.7486,9.85807,11.4603,7.15445,9.95403,6.46228
AT4G00320,15,5.87355,6.31344,6.61478,5.03305,5.86665,6.12585,6.07694,5.95517,6.99868,4.813,5.41867,5.69984
AT1G16705,15,3.82923,4.22684,4.57353,3.06944,3.34405,2.96177,3.86032,4.12304,4.62692,3.02422,3.67366,2.72989
AT2G33420,15,4.33955,3.8801,4.49788,3.64843,3.24188,3.25755,4.03658,3.96617,4.85518,3.50069,3.35872,3.40294
AT2G33460,15,6.95567,7.46462,8.53817,6.94182,5.78603,7.03617,7.16146,7.86103,8.30204,6.55886,5.92585,7.28587
AT2G33580,15,12.414,11.4008,12.4379,9.13952,6.94463,10.6524,13.0128,11.7949,12.6164,9.67742,6.36162,10.5303
AT1G67050,15,120.668,107.559,154.106,70.3313,90.7585,132.16,126.968,102.896,139.153,76.3397,97.8903,127.608
AT2G30370,15,3.89987,4.30051,4.53501,4.0935,3.10215,4.14834,4.17945,4.07382,4.90033,4.39407,2.82772,3.74457
AT1G17910,15,5.51334,6.06415,6.80608,4.28878,3.849,4.6653,5.3916,6.33653,6.91945,4.28135,3.57848,4.32656
AT1G17800,15,5.24296,4.5541,5.82488,3.97691,4.61128,3.85025,4.73459,4.81203,6.30265,3.74238,4.86127,4.05741
AT1G20290,15,5.15899,5.15014,6.42908,3.96556,5.35137,5.45327,5.01145,5.36281,6.45984,4.23406,5.44056,5.36231
AT1G12610,15,4.41973,4.3316,5.1991,3.43035,4.04691,3.64183,4.64338,4.29382,5.64451,3.14149,4.09315,3.97208
AT1G22340,15,6.51421,5.05844,5.91272,4.38471,3.93547,4.42734,5.90158,5.06174,5.96702,4.42669,4.32211,4.85541
AT1G22290,15,3.51501,3.3141,4.23561,3.1903,2.84088,3.1578,3.24003,3.35312,4.5576,2.91784,2.62799,3.37315
AT5G35010,15,4.1465,5.09417,6.4153,3.84264,3.38488,3.55385,4.51228,4.6174,6.5588,3.58476,3.68256,3.64206
AT5G35070,15,4.55827,3.78925,6.29029,4.12556,3.48726,2.87938,4.13794,3.59827,6.09075,4.24965,3.2151,2.80211
AT1G29820,15,19.0806,16.1504,18.8306,16.8728,14.2648,14.9827,17.7299,15.7461,19.4386,18.2816,15.2443,15.0963
AT1G34080,15,4.38114,4.50294,4.83477,3.44665,3.35806,3.4612,4.31913,4.73777,4.57291,3.64599,3.60548,3.5127
AT1G34090,15,4.26512,4.59144,4.6213,4.28554,3.16754,3.83355,4.32776,4.13504,4.90961,3.92582,3.38464,3.76931
AT1G20670,15,27.988,30.3531,38.1843,16.2859,22.5472,24.5136,28.6298,29.9838,35.732,16.8006,21.5446,24.8384
AT1G20680,15,4.95956,4.40656,5.5859,5.03635,4.47251,5.09451,4.811,4.01489,5.65351,4.57729,4.19043,5.09608
AT1G20700,15,8.61784,7.01476,10.5561,7.06805,7.95729,7.52144,8.48527,7.60935,10.8668,6.40069,8.5913,7.7373
AT1G20800,15,5.11381,4.53114,5.18182,4.39577,4.19393,4.39652,5.24644,4.23412,5.60286,4.2319,3.78022,4.2196
AT1G48670,15,4.50273,3.60735,4.16138,4.00375,3.09357,4.42122,4.92923,3.37478,4.51499,4.15573,3.0269,4.28642
AT1G58220,15,24.2341,26.1196,34.5631,21.7552,18.0175,24.4953,22.3913,25.9051,36.0262,21.7585,19.0265,24.9326
AT1G50780,15,5.36077,5.39354,6.38409,4.57446,4.57126,4.05218,4.94023,5.06546,6.22875,4.60099,4.38902,4.08103
AT3G12220,15,4.87515,4.66482,4.88965,3.94334,4.07709,5.0407,4.77485,4.86995,5.23549,3.96988,3.67776,5.13701
AT1G35850,15,7.38218,6.32855,8.67379,4.64177,5.74926,5.53185,6.85701,6.24942,8.17134,4.93275,5.35789,5.52779
AT1G35910,15,4.71768,4.36745,4.66014,4.08096,2.96097,3.41109,4.81604,4.27393,4.95168,3.80835,3.22454,3.45041
AT1G54880,15,6.08406,6.18295,6.62655,4.93843,4.47866,5.77403,6.20605,6.26019,7.03081,4.87151,4.70262,5.49353
AT1G66790,15,8.9814,8.8187,9.12724,7.3216,6.45882,6.61208,9.74319,8.23422,9.53248,6.94089,6.02721,6.28549
AT1G66690,15,7.057,7.41327,10.4971,6.10346,6.40232,7.29914,6.92944,7.48782,9.60295,5.94615,5.90247,7.66079
AT3G06090,15,5.2892,4.83696,5.94238,4.18327,4.45116,4.22583,5.6696,4.66716,5.37159,3.85116,4.25176,4.03235
AT1G66570,15,6.31191,6.71677,8.435,6.20111,5.41379,5.51976,6.94272,6.0533,7.75376,5.99214,5.15158,5.96364
AT3G11110,15,10.1325,11.3365,12.6026,5.654,8.69247,9.21357,10.0093,10.4214,12.5118,6.03056,9.14582,9.5506
AT1G36240,15,4.70204,5.80872,8.58451,4.48066,3.13444,4.56618,4.96853,6.01571,8.79913,4.28227,2.83159,4.84318
AT1G42650,15,5.70615,4.54403,5.97331,4.3325,4.36811,3.24332,5.18227,4.61506,5.70343,3.99154,4.30675,2.94301
AT1G75300,15,5.51399,4.86308,6.40866,5.9363,4.19859,4.68494,5.6146,4.84779,6.38457,5.49883,4.04495,4.75106
AT3G31403,15,4.44942,5.14499,5.54307,3.75753,4.17557,4.37999,4.71305,4.95,5.67032,4.02239,3.92381,4.00574
AT3G28750,15,4.20257,5.01252,5.79255,3.76655,3.92004,4.71114,4.61397,5.04004,5.72954,3.53208,3.60563,5.03665
AT3G31910,15,4.28405,4.44085,5.16565,3.88483,3.76686,3.52649,4.10838,4.58174,5.01029,3.87797,3.71812,3.25661
AT3G31915,15,4.62207,5.03428,5.18005,4.44802,3.63357,4.0729,4.54117,4.66727,5.20064,4.46771,3.38798,3.98991
AT3G29300,15,3.94891,4.22086,4.59029,2.96255,3.83825,3.75402,4.13681,4.13684,4.81961,2.84554,3.91091,3.68617
AT3G28240,15,3.91691,3.86637,3.9537,2.58508,3.29059,3.61017,3.60234,3.85616,3.81239,2.40311,3.38924,3.87373
AT3G29380,15,3.31444,3.56318,4.28021,2.8203,3.08415,3.21604,3.29832,3.85049,4.54491,2.79706,3.34516,2.9211
AT3G13630,15,4.52518,4.25827,5.3908,3.95472,3.79021,3.5026,4.95307,4.17609,4.92433,4.04759,3.57763,3.26926
AT3G20950,15,6.39958,6.84915,7.98768,6.25968,4.15858,5.32017,5.94128,6.95426,7.30872,6.14635,4.42663,5.15566
AT3G31970,15,6.37696,5.77256,7.76822,5.10555,4.65004,5.4003,6.97288,6.0076,7.06331,4.68003,4.99411,4.91658
AT3G24650,15,9.56153,7.89758,8.36498,6.67602,5.5491,6.77279,9.33694,8.52459,9.05469,6.34681,5.63051,6.41059
AT3G23960,15,3.991,4.12708,4.90924,3.30664,3.81922,3.3748,3.93415,4.45393,4.95533,3.61184,3.8484,3.11113
AT3G19050,15,4.53936,4.16862,5.20977,3.92267,3.30529,3.96693,4.19994,4.4234,5.39285,4.02659,3.39082,3.85898
AT3G13390,15,3.9806,3.78364,4.52619,2.95342,3.70579,4.1027,3.63207,3.55482,4.53415,2.67803,3.57808,3.85687
AT3G21000,15,6.50115,5.26366,6.64495,5.01966,4.63278,4.88419,7.05605,5.24435,7.24392,5.09843,4.43917,5.18786
AT3G28560,15,4.73114,4.70718,4.83356,3.80571,3.64309,3.98896,4.72759,4.60956,5.09168,3.70461,3.5619,4.2729
AT3G28680,15,4.50393,4.72778,4.54788,3.27153,3.774,3.70286,4.75405,4.89339,4.98252,3.21214,4.10565,3.85741
AT3G19184,15,4.68586,4.90206,5.30439,4.2177,3.83215,4.12925,4.44131,4.53472,5.63475,3.87603,3.83372,4.04698
AT3G28550,15,78.6219,67.7112,85.2419,59.1639,34.9401,85.9232,72.9756,61.5816,78.5719,55.6517,37.441,87.0603
AT3G28180,15,479.39,316.613,423.122,239.83,311.254,354.252,507.917,306.85,440.285,216.766,315.978,339.106
AT3G25010,15,4.76921,4.93821,5.89669,4.57778,4.53464,4.09239,4.6466,4.80404,5.75016,4.21926,4.18554,4.47174
AT3G30440,15,6.07366,5.06834,6.45655,4.69565,5.28965,3.66685,5.56397,4.63198,6.18967,4.34738,5.35106,3.73955
AT3G17190,15,6.4864,5.55416,7.08056,5.13425,4.89342,4.50139,6.55058,5.74146,7.76869,4.83512,4.60281,4.73247
AT3G24260,15,4.32332,4.907,5.40672,3.84275,4.57026,3.71829,4.46928,4.59428,4.92513,4.2129,4.44499,3.46768
AT3G24340,15,5.4388,6.30287,6.18171,4.97797,5.49679,5.19006,5.61294,5.73336,6.34659,4.49936,5.33921,5.14989
AT3G23800,15,10.3358,6.19311,9.19606,7.66399,7.80179,5.68517,10.7782,5.67361,9.64334,8.09118,7.92719,5.83057
AT3G16520,15,911.876,1024.79,986.104,466.133,529.293,822.867,933.71,1007.07,986.944,421.181,512.865,879.524
AT3G14920,15,117.127,102.065,155.196,93.652,99.9111,98.4626,115.592,92.9096,142.851,85.0293,94.2522,104.718
AT3G27810,15,3.85235,4.11965,4.59936,2.98232,2.65807,3.17226,3.93137,4.09654,4.60993,2.97189,2.43318,2.95298
AT3G27925,15,436.35,500.083,734.146,470.508,307.452,296.102,466.457,457.873,795.72,425.444,281.619,325.437
AT3G27870,15,11.5398,11.6364,15.1147,9.69345,8.75276,12.7435,11.7481,10.7662,14.5334,10.6157,9.42369,12.37
AT3G14880,15,5.19922,5.34407,5.95166,4.52198,4.36212,4.70085,4.85327,5.61316,6.0404,4.67138,4.56493,4.618
AT3G24100,15,455.552,454.955,506.03,370.449,312.694,386.472,434.056,442.832,522.235,358.075,292.758,380.332
AT3G14480,15,3.43811,4.29553,5.62342,2.93637,3.15404,3.75674,3.73703,3.94491,5.93553,2.99068,3.12415,3.56118
AT3G14440,15,102.321,106.606,116.635,43.2483,22.6605,53.2512,97.7374,99.71,126.091,39.8359,23.6235,49.1901
AT3G29670,15,14.138,8.64221,12.3133,7.38519,10.744,9.2879,14.4438,8.03914,12.879,8.02558,10.5087,8.39531
AT3G28020,15,4.91685,4.95359,4.87771,3.7868,3.49831,4.28315,4.74827,4.74713,5.12837,3.94074,3.42986,4.52808
AT3G30750,15,4.10759,4.22249,3.89958,3.32224,2.97841,3.41942,3.87558,3.98984,4.20705,3.4159,2.68292,3.17488
ATMG01110,15,4.32075,4.59539,5.79235,3.76688,3.35858,3.66359,4.73852,4.39279,5.61449,3.4126,3.46033,3.7793
AT2G10760,15,4.62661,4.91185,5.45066,4.2179,4.02621,4.11791,4.35595,4.46246,5.16419,3.92535,3.92177,4.14016
AT2G34290,15,4.39365,4.83191,5.75311,4.49085,3.9075,3.81512,4.70394,5.21434,5.48339,4.27574,3.84793,3.88253
AT2G07740,15,6.58103,5.50895,6.55949,5.36616,5.15658,4.74527,6.18358,5.61669,6.83962,5.75465,5.23131,4.8989
AT2G17750,15,4.78876,5.40691,5.4071,3.65464,3.52784,4.5813,5.25818,5.12106,5.87712,3.46253,3.38553,4.62299
AT2G04020,15,4.26181,4.13604,5.61372,3.93999,3.99669,4.09538,4.66769,4.47493,5.16519,3.73881,4.38746,3.82044
AT2G10390,15,4.14034,4.17415,4.36049,2.95135,2.97251,3.53112,3.84969,3.96375,4.46053,2.98029,2.89017,3.48409
AT1G65130,15,6.25406,5.8068,7.43789,5.51417,5.47716,5.55762,6.76976,5.96555,7.79649,5.49235,5.82518,5.35384
AT1G65740,15,5.16869,5.51086,6.25649,4.55511,4.64092,5.20419,5.54944,5.84297,6.02621,4.90608,4.24673,5.09817
AT1G35380,15,3.95835,4.04868,4.81618,3.38716,3.27585,3.09112,3.70191,4.2504,4.96447,3.36891,3.16557,2.89187
AT1G72530,15,9.40031,6.93245,12.2368,6.73611,6.21784,7.3188,9.13563,7.27709,11.2098,7.09967,6.03986,7.80897
AT3G25950,15,5.73459,6.26026,6.03343,3.78183,4.03128,4.49228,5.53516,5.75001,6.25058,3.48737,3.79545,4.46354
AT3G28410,15,4.78917,4.23498,5.29961,3.38582,3.3547,3.47399,5.16301,3.99577,5.19279,3.29467,3.25094,3.77732
AT3G24270,15,4.87239,5.08878,5.78689,3.64988,4.53113,4.33109,4.88767,4.60955,5.78174,3.59498,4.64647,4.19567
AT3G16880,15,4.64826,5.08842,4.75066,4.30377,3.49021,3.71032,4.89638,4.72582,4.81114,4.16612,3.22409,3.77872
AT3G28280,15,4.33515,3.38341,3.89603,3.30602,3.03255,2.95073,4.76382,3.50946,4.21981,3.11943,3.2158,2.85251
AT1G54955,15,4.03899,3.75984,4.0967,3.06735,3.21921,2.81803,4.00229,4.12538,4.20586,3.33653,3.52054,2.81491
AT3G13830,15,6.58237,5.96418,6.29793,4.5817,4.92134,4.75616,6.9173,5.41803,6.22798,4.77379,5.21139,4.74641
AT3G26540,15,6.31302,5.25756,6.64858,5.64423,4.50408,5.3621,6.63206,4.74371,6.69091,5.95948,4.46941,4.87229
AT3G26160,15,5.13945,5.84718,6.20706,4.64627,4.41167,3.54715,5.65329,5.42874,6.05859,4.77257,4.61396,3.24093
AT3G25730,15,12.4204,10.8903,12.0292,11.9191,9.49771,9.40886,13.4741,10.1652,11.7995,11.733,8.65924,10.2954
AT3G20470,15,11.34,10.1558,10.8478,9.85974,7.50014,5.83335,11.7922,10.7894,11.8326,10.5301,7.19692,6.11607
AT3G23040,15,7.50478,7.32951,8.34479,4.97118,6.47272,7.14763,7.5089,7.24849,8.53043,4.57029,6.73336,7.0319
AT3G15910,15,3.85798,3.74575,4.3888,2.96466,2.67941,2.78798,3.69675,4.06611,4.55847,3.20309,2.7219,2.90805
AT3G18770,15,6.68493,6.51885,8.09955,6.55207,5.26347,4.76891,6.91928,7.03225,8.62228,6.06307,5.18635,5.04074
AT3G18670,15,5.0249,4.63951,5.7251,4.47728,3.89164,3.50652,5.07741,4.5197,5.20959,4.17302,4.13597,3.53995
AT3G25090,15,4.77089,4.7443,5.33838,3.97963,3.8678,4.65526,4.44449,4.41745,5.60756,4.05929,4.20336,4.76023
AT3G17140,15,4.48006,5.11988,5.63652,3.74767,3.10538,4.16641,4.70476,4.89778,6.11933,3.58666,3.38336,3.93963
AT3G17050,15,6.48882,6.96468,7.65837,5.43343,5.68363,4.55269,6.31497,6.38886,7.19056,5.9403,5.15663,4.1934
AT3G25855,15,7.03143,5.62724,6.81103,5.77463,5.27205,4.90271,7.43052,5.63055,7.3073,5.98491,5.12846,4.98292
AT3G24620,15,5.10656,5.17698,5.39737,4.08525,3.83707,4.4157,5.3352,4.79842,4.97643,4.31127,4.0362,4.14065
AT3G17880,15,80.8856,83.3123,94.432,82.8707,81.077,74.1065,86.4308,84.8423,85.1044,84.1151,74.5216,76.1184
AT3G14020,15,5.13184,5.13485,6.04862,5.13527,4.94999,3.65178,5.21557,5.59952,5.62633,4.81729,4.48485,3.8878
AT3G13950,15,7.64998,8.369,9.26879,5.08703,5.9879,6.8568,8.02432,7.62416,9.33201,5.23847,5.80293,6.68531
AT3G27800,15,6.93895,5.47534,6.59868,4.25031,5.35604,5.97786,6.57308,5.33778,6.95666,4.59889,4.9511,6.25128
AT3G29140,15,9.22687,10.3513,13.4095,6.86455,9.80669,8.20887,9.02476,10.7693,13.9195,7.05698,9.68201,7.95503
AT3G15860,15,4.5977,4.07009,4.47747,3.92279,3.4126,3.00198,4.48294,3.80933,4.81577,3.86163,3.42049,2.79796
AT3G15605,15,4.67933,4.05382,4.6964,3.35333,4.64317,4.37398,4.47084,3.76218,5.07481,3.29615,4.59137,4.41024
AT3G30510,15,5.6136,5.91434,6.56195,5.71799,4.79799,4.87364,5.79145,5.51867,6.47502,5.91177,5.03808,4.67079
AT3G30620,15,5.17936,5.41627,5.64918,4.39017,3.48237,4.44882,4.96327,5.2347,5.20834,4.13652,3.44267,4.20086
AT3G22800,15,6.11468,5.15714,6.52921,4.57664,4.79639,6.22463,6.24534,5.23377,6.54747,4.53146,4.73398,6.37624
AT3G14250,15,4.36653,3.77826,4.88334,3.22062,3.27653,3.45076,4.40008,4.03463,4.44963,2.90505,3.03657,3.53461
AT3G15370,15,7.50107,7.554,8.28868,5.98261,6.67647,6.42053,7.06212,7.16056,9.10386,6.29121,6.85567,6.14738
AT3G16680,15,5.43886,5.38787,5.62055,5.47032,3.9909,4.38714,5.68544,5.13862,6.15047,4.96983,3.83028,4.69724
AT3G16690,15,79.9914,45.7803,77.4536,66.3529,54.0155,72.6646,79.583,47.208,77.2049,61.9634,53.8981,73.8638
AT3G16710,15,5.56731,5.25102,5.63095,4.10294,4.80857,5.00985,5.08966,5.61788,5.15147,3.86943,4.37222,4.84167
AT3G17230,15,4.58781,4.92485,4.99692,4.40547,3.91586,5.23961,4.89417,4.937,5.28493,4.39642,3.67677,5.70763
AT3G06780,15,117.348,116.41,126.529,65.0981,45.7728,80.7281,122.019,115.878,123.555,64.5803,48.4165,73.2972
AT3G02810,15,4.38693,4.01837,6.20214,3.77131,2.89741,2.81682,4.11756,4.10602,5.63023,3.9687,3.13945,2.99929
AT3G09910,15,8.38408,6.76773,7.27019,5.93855,5.11966,7.50901,7.69391,6.42989,7.54001,5.85788,4.69969,7.02864
AT3G08570,15,9.17117,10.4828,14.6471,6.65223,5.8156,8.92208,8.76855,10.7397,15.5273,7.0798,6.04673,9.36218
AT3G07960,15,4.55284,5.07381,6.06179,4.01653,3.43545,4.2287,4.44251,5.55651,6.15504,3.89602,3.61029,3.99343
AT3G09570,15,395.384,405.791,381.604,329.312,360.748,369.525,421.91,366.565,410.642,299.228,392.597,370.32
AT3G05930,15,4.32747,3.98919,4.24022,3.46405,3.10022,3.02278,4.34311,4.33479,4.42559,3.36764,2.88216,2.86772
AT3G11920,15,3.92341,4.04453,5.60257,3.67434,3.05807,3.79833,3.83535,3.92999,5.2981,3.56897,3.01871,3.82383
AT3G11840,15,6.82234,4.73006,7.21474,5.97919,5.83405,5.86728,6.41403,4.76916,6.57798,5.85647,5.38476,6.30177
AT3G04540,15,5.03546,3.73522,5.44048,4.23654,3.43447,4.06147,5.29305,3.36662,5.84692,4.57443,3.36565,4.34093
AT3G03260,15,3.76382,3.72849,4.68077,3.29165,3.07657,3.82467,3.58665,3.40661,4.93522,3.03999,3.22651,3.94813
AT3G10560,15,5.05909,4.62489,6.22827,3.6625,3.63259,4.4516,4.83361,4.37699,6.44351,3.72059,3.96069,4.88791
AT3G01390,15,1296.11,1220.07,1397.52,1363.48,1382.68,1096.28,1409.79,1252.56,1514.4,1251.21,1247.28,1007.15
AT3G08940,15,5985.79,6825.55,7342.2,2531.29,915.708,2321.13,5566.68,6430.86,7214.54,2734.21,855.858,2179.05
AT3G03380,15,58.1511,52.3131,70.0426,45.2222,52.4571,50.3084,54.5223,57.2869,66.32,45.7842,49.4608,46.8804
AT3G07400,15,29.1903,24.2961,27.778,21.9176,26.1378,22.3436,31.0753,24.3874,28.3064,22.8154,23.5604,21.4266
AT3G07490,15,8.73276,9.06211,9.33601,8.70678,6.22014,6.89228,8.7179,9.64771,10.0882,7.94033,5.86111,7.01696
AT3G04980,15,10.1256,8.42244,10.5474,8.967,9.97361,9.37658,10.297,8.86393,10.6175,8.57769,10.1677,9.97445
AT3G10320,15,8.32499,6.93522,8.71945,6.37091,6.4758,5.76509,8.96548,6.37065,8.76407,6.06857,5.91439,6.2383
AT3G05430,15,5.82482,5.20949,7.82939,4.11568,5.96171,5.01007,5.40701,5.38497,7.8511,4.04633,5.61243,4.61666
AT3G07730,15,7.52479,8.16107,10.45,6.15595,7.8975,6.84428,8.20395,8.76694,10.8221,6.34615,7.76831,7.12952
AT3G01070,15,5.53848,4.70702,6.30265,5.58103,4.45789,5.69616,5.23618,4.3379,6.56797,5.24634,4.17663,5.8384
AT3G05310,15,5.08014,5.79614,9.07589,4.45209,3.19458,3.99106,4.99648,5.57436,8.87817,4.8841,3.21668,3.87807
AT3G03870,15,50.2492,41.5055,52.629,37.5413,36.9959,43.4631,53.4701,42.0461,48.5299,37.9103,37.2152,40.7933
AT3G16320,15,6.6436,6.2775,6.26572,5.74209,4.82584,5.98548,6.00864,5.79961,6.29932,5.83507,4.71522,6.48826
AT1G01480,15,7.37396,5.07656,7.20513,4.60364,5.39471,4.16245,7.16891,4.72815,6.85316,4.35892,4.97213,3.79738
AT1G02430,15,9.43765,5.66409,8.36685,5.9891,6.32357,7.51042,9.84619,5.59604,9.03148,5.77003,6.31413,7.21949
AT1G13800,15,8.66572,8.41969,8.66009,6.12454,5.55467,5.26989,9.42635,7.63903,8.55056,6.0544,5.23357,5.28817
AT1G18970,15,5.96798,5.44838,7.16857,4.72188,4.21182,5.00218,6.1378,5.22945,6.492,4.27036,4.43933,4.66569
AT1G15830,15,7.6801,5.61707,8.62431,7.11112,6.97495,5.88841,8.38107,5.16225,8.73766,6.77239,7.6284,6.16443
AT1G15840,15,18.1587,13.738,16.1304,12.4828,11.2757,10.5705,18.2393,13.6464,16.1963,12.8653,12.0052,9.84372
AT1G43970,15,4.78105,3.92432,4.7037,3.65175,3.21845,3.23901,4.66737,3.61934,5.06579,3.54536,3.30517,2.94334
AT1G12460,15,36.9816,23.9915,35.5828,23.0913,31.3707,30.7683,38.4762,22.2571,38.9173,23.4973,33.6891,31.1319
AT1G20560,15,133.446,148.538,148.953,113.854,107.63,136.921,138.013,143.451,156.502,102.851,112.117,148.881
AT1G21320,15,3.53307,3.86047,4.75677,2.97433,3.14603,3.26971,3.30308,3.58881,4.42825,2.79828,2.83709,3.17344
AT1G63040,15,4.64849,3.75706,5.14687,4.49458,4.03149,4.19232,4.78788,3.53165,5.39065,4.17734,4.27762,3.8528
AT1G63200,15,4.24479,3.9487,5.25127,3.81795,3.69097,4.09233,4.4468,3.70107,5.5998,3.84282,3.83631,4.30649
AT1G29470,15,1443.1,1255.81,1440.48,1324.06,1315.49,1235.17,1454.5,1313.64,1570.93,1249.78,1369.37,1266.82
AT1G29510,15,282.461,145.894,277.216,69.841,167.274,206.633,263.201,143.452,279.363,67.4902,151.685,198.611
AT1G64410,15,7.27209,6.66221,9.19802,5.78994,5.77508,6.26262,6.81181,6.34276,9.42406,5.80339,5.47212,6.29223
AT1G49900,15,4.60647,5.74636,7.42838,4.04415,3.08529,3.71933,4.83722,6.00521,7.67415,4.03786,2.93215,3.48617
AT1G72220,15,7.40318,7.39114,7.69323,6.03004,7.06258,5.98524,7.75056,6.74045,7.93159,5.56921,6.67107,6.03456
AT1G52230,15,5108.78,5697,5705.6,4334.6,2359.65,3137.73,5408.48,5168.36,5707.92,4178.16,2589.72,3216.36
AT1G72800,15,22.7118,17.338,25.3624,19.0575,20.7812,17.8428,20.6828,18.8403,27.2135,20.7577,19.2807,16.745
AT1G74140,15,4.48383,4.43685,5.40276,3.66814,4.16596,3.3483,4.68283,4.53249,4.99337,3.32418,4.01305,3.53702
AT1G71250,15,3.74775,4.26981,4.63529,3.232,3.40989,3.33345,3.74047,4.03922,4.91718,3.14765,3.1002,3.18912
AT1G76570,15,51.3711,39.9464,46.9369,25.5957,32.3686,25.0131,56.4772,37.4444,45.8603,26.1108,32.5622,27.17
AT1G41825,15,4.93073,5.69916,7.11585,4.92795,3.79683,4.38433,5.0265,5.81876,7.54195,4.43559,3.63084,4.55441
AT1G68795,15,9.03923,9.12314,10.5363,9.15087,9.66706,8.15542,9.45105,8.90474,11.396,8.50911,9.60166,8.29216
AT1G68765,15,4.5026,3.64286,4.62077,3.44336,3.43124,3.7583,4.87574,3.57506,4.29996,3.55388,3.16977,3.44812
AT1G73730,15,48.3471,48.1978,71.2337,39.1514,53.6649,46.597,49.4108,47.355,77.6633,39.509,54.8048,48.9078
AT1G33950,15,4.89201,4.98,5.25996,4.34591,3.84114,4.09172,4.91518,4.67756,5.75315,4.75976,4.18293,4.39602
AT1G66360,15,3.87172,3.79882,5.7879,3.10625,3.80364,3.37212,3.91166,3.45084,5.30089,3.03177,3.95699,3.29103
AT1G71970,15,180.523,208.189,209.114,79.9488,128.655,136.863,174.383,206.106,208.62,86.3793,123.719,145.505
AT1G67540,15,6.07129,4.44794,7.64897,3.55169,5.79385,4.40859,6.26956,4.87022,8.11039,3.26902,5.83199,4.19833
AT1G67623,15,4.71964,5.14546,7.93163,3.70303,6.2719,3.23138,4.66692,5.15783,8.71883,3.40038,6.13678,3.28005
AT1G52840,15,4.93671,4.82034,5.1098,4.13357,4.01571,3.68398,4.75273,4.62913,4.72433,4.45837,3.98046,3.55814
AT1G68480,15,4.14871,4.17118,4.92963,2.87601,2.98219,2.96036,4.15358,3.84885,4.64334,2.99485,2.77917,3.15186
AT1G69400,15,8.3465,6.04538,8.07859,7.27377,6.30833,7.69444,8.91258,6.52911,7.77298,6.85603,5.73635,7.42539
AT1G70530,15,145.551,87.3433,180.1,119.09,148.031,135.116,154.628,80.1669,177.715,118.286,153.99,134.298
AT1G73860,15,5.73705,6.63644,8.16591,4.54152,5.24039,5.14507,5.72748,6.36013,7.56553,4.30956,5.34028,4.85145
AT1G69820,15,4.83544,5.33033,6.44558,5.11561,4.22438,4.04226,5.27842,5.01648,6.72911,5.38267,3.81572,4.41304
AT1G69810,15,12.7794,10.4183,13.055,10.422,10.5816,8.47428,11.7574,10.9148,11.9421,9.41568,11.1914,8.34072
AT1G68200,15,6.46015,6.89418,8.0999,5.86779,5.07773,4.51242,6.37982,7.08409,8.88552,5.4203,5.44308,4.40727
AT1G68290,15,7.79462,8.45697,9.70841,6.01277,5.4008,4.49373,8.42307,8.34176,10.1392,6.0896,5.28653,4.77648
AT1G68300,15,415.461,379.463,539.996,419.016,452.895,455.936,456.978,406.434,515.072,383.268,411.762,432.946
AT1G10990,15,11.8639,14.7005,16.6751,7.87289,11.3496,7.5658,12.9771,15.6516,16.7732,8.54989,10.9271,7.05553
AT2G41850,15,4.23969,5.20263,5.52908,3.55526,3.45176,3.74535,4.20116,4.70978,5.01883,3.89104,3.33618,3.87686
AT1G47200,15,317.83,324.083,335.662,319.19,251.64,334.468,304.996,321.55,331.585,288.609,251.38,302.463
AT2G47330,15,129.482,124.904,130.86,116.037,108.406,124.761,137.876,129.575,139.894,110.552,103.87,136.973
AT2G47190,15,4.18813,3.92372,5.40532,3.23068,2.89018,3.51142,4.21783,3.66536,5.70957,3.41783,3.12086,3.29368
AT1G55915,15,10.2919,8.69189,10.8857,6.38411,8.41828,9.44083,10.9077,8.792,10.987,6.11539,8.39096,9.48158
AT1G08030,15,49.8202,43.4634,68.9277,50.7653,44.3611,34.0726,53.5555,43.0905,72.9251,48.6448,48.5769,32.1107
AT1G32300,15,5.30122,5.7717,6.48708,3.94938,4.56989,5.22988,4.87331,5.89637,6.19447,3.77909,4.31041,5.43887
AT1G32250,15,3.85441,4.19139,4.66442,3.1511,3.55158,4.46738,3.9226,4.0255,4.89475,3.37692,3.57267,4.49251
AT1G32400,15,649.688,592.002,653.881,629.394,637.559,635.631,671.613,572.958,688.128,571.296,581.979,652.18
AT1G48070,15,4.92259,5.20499,5.37856,5.12086,4.1353,4.44295,4.89312,4.82614,5.762,5.22037,4.0517,4.23797
AT1G17540,15,4.51691,3.66377,4.37145,3.4733,3.57638,2.87899,4.2186,3.39564,4.67499,3.31346,3.5271,3.05925
AT1G06740,15,10.0007,8.80104,13.5131,9.10491,10.5286,11.7231,9.78867,8.60802,14.6525,9.30801,10.4355,12.6551
AT1G17310,15,4.99359,4.84662,5.08944,4.37802,3.46013,4.43074,4.67673,4.57502,4.92228,4.12759,3.5687,4.66596
AT1G29200,15,8.22207,7.80038,8.01646,7.43166,5.58902,7.14203,7.7525,7.09639,7.93001,6.69716,5.78472,7.40218
AT1G02670,15,6.71256,6.3976,8.34386,5.7087,5.66313,5.88562,7.23305,6.4142,7.5166,5.79424,5.19567,6.21817
AT1G05990,15,5.99851,6.03082,6.86507,5.85755,4.98659,6.0126,6.34866,5.83368,6.97071,5.76912,5.04022,6.11556
AT1G44990,15,9.20496,7.39158,9.03361,8.20004,8.2221,8.5623,9.25502,7.41326,9.34678,8.112,8.2334,7.75199
AT1G26400,15,4.50999,4.73983,5.47006,4.02969,3.40611,3.86636,4.63799,4.77104,5.34046,4.41627,3.29765,3.49051
AT1G62930,15,13.403,13.6557,14.7583,10.0751,8.19799,10.1011,13.4598,14.5472,16.0855,10.3258,8.70607,9.82419
AT1G62950,15,10.4837,9.71154,13.2201,9.26738,10.818,7.36384,11.2579,10.5424,12.218,10.1011,11.6935,7.31109
AT1G62860,15,12.0479,12.0419,13.8466,10.7666,9.51795,9.67706,11.8539,13.0582,13.1778,9.80411,10.4406,9.7451
AT1G34440,15,5.3346,5.88137,7.5114,4.63703,4.39228,5.7228,5.17179,6.08624,6.85899,4.30273,4.72009,5.32307
AT1G04880,15,4.64742,5.7213,7.66779,3.72999,4.38252,4.38295,4.84773,5.54203,7.34995,3.73624,4.7484,3.98459
AT1G32870,15,11.3042,8.69367,9.7407,8.56672,8.5865,9.79428,10.3723,9.33402,10.5912,8.06144,8.34247,10.397
AT1G12775,15,8.63828,7.41399,10.0914,7.42962,6.27872,8.01567,9.13669,6.86525,10.1788,7.10357,5.88391,7.94494
AT1G20150,15,4.6132,5.38892,6.64777,3.73102,3.58243,2.82417,4.85342,4.96475,6.42366,4.0703,3.38549,3.08831
AT1G05920,15,3.64001,3.66006,4.4302,3.19559,3.03012,3.13488,3.63697,3.76445,4.74615,2.89277,2.7936,2.97794
AT1G36970,15,4.51092,4.71034,4.82029,3.97239,3.96127,3.5269,4.7662,4.94177,5.11585,3.75886,3.58784,3.62359
AT1G44935,15,6.27104,5.95262,6.80321,5.39411,4.69007,5.85281,5.8705,5.36689,7.02869,5.05843,4.90131,5.30178
AT1G44910,15,11.5469,11.0437,11.6663,10.4426,7.40591,7.88447,10.7071,11.199,11.4888,10.6127,7.84519,8.60705
AT1G41860,15,4.52264,4.87229,5.259,4.3314,3.3117,3.67478,4.56653,5.35333,5.67143,4.1917,3.06274,3.39631
AT1G53160,15,4.44985,3.82116,4.33842,4.06443,4.19317,3.1333,4.63605,3.80663,4.76269,3.75903,3.98272,3.30314
AT1G79780,15,5.06621,5.03522,6.06269,4.19862,3.80214,4.22329,4.65657,5.47851,6.00387,4.07666,4.02304,4.57617
AT1G07690,15,5.69583,5.92958,5.85623,3.4466,3.98765,4.76128,5.97714,5.74159,5.8964,3.56115,4.25925,4.43876
AT1G71691,15,5.6353,4.87561,6.49741,3.91178,4.34621,4.57716,5.35156,4.44071,6.92286,3.85492,4.60866,4.25203
AT1G63400,15,5.53823,4.95663,5.90819,4.2833,4.57073,4.90076,5.28325,4.54339,5.85718,4.32783,4.72448,4.75537
AT1G01670,15,5.78485,6.84442,7.69063,4.26889,4.2428,4.64389,6.28387,6.3885,7.94072,4.62204,4.6387,4.95232
AT1G49700,15,5.43466,4.44789,6.04814,4.16213,5.46613,4.58995,5.4296,4.08445,5.91464,4.26474,5.11323,5.03107
AT1G50050,15,6.7183,4.85525,5.69027,4.41636,4.30124,4.29397,6.52596,4.68408,6.23849,4.71013,4.59198,4.34242
AT1G32670,15,5.28371,5.27472,7.30226,3.49263,5.4136,3.88323,4.84729,5.11299,7.60147,3.62728,5.73079,3.98465
AT1G47750,15,52.0621,33.145,50.5054,40.6709,39.261,38.3595,48.0002,36.2024,51.5843,44.1129,39.9249,35.238
AT1G08500,15,132.583,80.6162,125.079,91.9361,70.6644,109.394,120.868,73.6547,118.403,90.2166,69.0602,109.989
AT1G08170,15,4.60437,5.33855,6.82811,3.92889,3.58946,3.80707,5.02797,4.83761,7.16936,4.20898,3.31625,3.64172
AT1G15600,15,4.2934,4.67316,5.22368,3.26513,3.37147,3.37062,4.63296,4.81985,5.71285,3.50966,3.05622,3.64696
AT1G15500,15,920.451,1020.25,1075.13,850.865,844.084,968.301,943.929,953.265,1002.93,889.16,782.821,977.314
AT1G10620,15,3.4869,4.0715,4.19442,3.06446,3.03664,2.91624,3.73479,3.99343,4.60131,2.90843,3.16725,3.01438
AT1G16090,15,7.02888,6.01267,7.05963,5.50033,4.59566,5.08432,6.95367,5.73924,6.88223,4.96778,4.9709,5.3717
AT1G50470,15,5.2469,5.64597,6.11407,4.15958,3.8256,4.74579,5.26334,6.19506,6.5787,4.52711,3.92015,5.06049
AT1G50530,15,4.80321,3.659,4.54438,3.62412,3.57331,3.95604,5.13036,3.58628,4.40319,3.73572,3.81475,4.26273
AT1G66000,15,5.44229,5.27971,5.23821,5.39988,4.74974,4.31599,5.67486,4.7599,5.66914,5.23689,4.50832,4.27636
AT1G36430,15,4.63482,5.42991,5.50101,4.32252,4.20494,3.89094,4.92202,5.02947,5.22235,3.93072,3.8667,3.67895
AT1G36600,15,4.2163,4.96705,5.44503,3.03499,3.42077,4.00311,4.39662,4.72705,5.34897,2.81773,3.42968,3.78477
AT1G37110,15,5.32986,4.56421,5.01958,4.41863,4.43065,3.52421,4.96787,4.53014,5.5075,4.43342,4.54831,3.50936
AT1G80160,15,3.72281,3.86339,4.82052,3.37883,2.99026,2.76404,3.67727,3.61868,5.0924,3.07749,3.20332,2.57902
AT1G80130,15,216.891,164.222,236.61,45.969,5.66154,12.9677,218.711,169.709,249.642,48.0305,6.05121,14.0804
AT1G52680,15,6.22344,7.66018,11.0058,4.41799,4.71237,3.91115,5.9792,7.73695,11.3925,4.35107,5.11513,3.71886
AT1G53810,15,5.51683,5.24266,6.36166,4.37494,4.14443,3.93512,5.81208,5.06854,6.8904,4.64796,4.09764,4.06428
AT1G68630,15,4.52108,3.94472,5.43471,3.98507,3.11285,3.92056,4.91784,3.75999,5.00514,4.17753,2.9188,4.03649
AT1G70990,15,23.0237,11.5515,24.0773,16.224,15.1518,13.8633,21.3146,11.9336,22.0662,16.9351,14.4994,12.5103
AT1G64100,15,4.82708,4.98409,6.79638,4.35526,3.8466,4.23023,4.38408,5.10037,6.62251,4.26444,3.79651,4.16478
AT1G49340,15,77.2388,74.8227,86.9459,71.7063,59.8586,62.6577,83.3231,77.0441,86.9985,76.3798,56.4553,63.6143
AT1G47660,15,3.50927,3.74549,4.40237,2.90251,3.07228,2.94828,3.58285,3.77581,4.2754,2.94654,3.0008,3.20849
AT1G11160,15,5.33656,5.27752,5.60843,5.29301,4.73564,4.22715,5.06689,5.34302,5.85313,4.79405,4.64231,3.84855
AT1G50400,15,6.22972,6.20633,7.85477,5.93783,5.6491,5.71833,6.77157,6.15142,8.51121,6.06477,5.90983,5.93601
AT1G50350,15,3.83375,3.60632,3.98379,2.75282,2.51344,3.58669,3.4935,3.27369,4.07403,2.78225,2.39623,3.57734
AT1G50240,15,4.75723,4.94091,5.62341,4.35304,3.99045,3.90136,5.19675,5.09271,5.07883,4.12326,4.20637,3.94181
AT1G11170,15,9.05047,6.34247,8.76598,8.54755,7.01188,7.13994,8.76913,6.60107,8.97311,7.76436,7.49466,7.08498
AT1G31260,15,5.11483,5.49031,5.7784,4.63481,4.78471,6.05548,5.19753,5.30116,6.13958,4.7167,4.63696,6.09089
AT1G31310,15,6.65755,7.14612,7.6792,6.3434,6.32328,5.4491,7.20568,6.77068,7.22909,6.21759,6.71877,5.57209
AT1G34290,15,4.02487,3.78211,4.32016,3.22259,3.08704,3.02595,4.06576,3.46901,4.38974,3.41315,3.35733,2.87832
AT1G14110,15,4.34205,4.07109,5.87057,3.58929,3.00686,3.33575,4.08671,3.93876,5.57557,3.48734,3.29759,3.55826
AT1G14190,15,27.2635,32.03,39.4046,10.3826,12.4286,21.0609,25.7829,33.6489,37.0875,9.92005,12.855,22.6389
AT1G75830,15,8.63043,8.4701,9.82606,6.10524,5.86449,4.11779,8.69405,9.15338,10.2892,5.81583,6.17758,4.20075
AT1G62680,15,7.30464,8.59391,10.4728,6.34573,5.77204,5.50028,7.42366,7.87482,9.79498,6.09987,5.76256,5.39264
AT1G13140,15,3.91094,4.2207,4.98248,3.75889,3.85024,3.36168,4.1948,4.0806,5.30529,4.09537,3.94208,3.25959
AT1G64820,15,4.97229,5.18779,6.28799,4.10292,3.81123,4.68071,4.55268,5.22821,6.8992,4.08883,3.87432,4.79343
AT1G64860,15,1042.67,1094.8,1014.5,264.794,396.766,568.666,972.201,993.655,979.573,240.467,395.165,619.274
AT1G64720,15,4042.38,3247.04,3825.68,1893.49,2740.76,3120.15,3812.94,3339.24,3929.38,1955.09,2943.26,3206.76
AT1G59930,15,5.26376,4.92472,6.82676,4.17636,3.83166,4.34911,5.27068,4.90722,6.31467,4.11128,3.85887,4.57053
AT1G64800,15,6.25225,5.58555,6.43052,5.87183,3.87712,3.92549,5.87761,5.06677,6.38021,6.08327,3.50414,3.65551
AT1G65760,15,5.66815,5.61886,6.20234,4.6943,4.21194,4.42519,5.3781,5.13144,6.17759,4.87129,4.0722,4.5013
AT1G65720,15,1236.9,1136.47,1443.49,1170.84,1234.89,1227.1,1160.74,1208.79,1335.22,1130.79,1211.04,1148.59
AT1G75620,15,5.66458,5.26254,5.59419,5.39205,3.96766,4.58661,5.85859,4.98701,5.8356,5.4276,4.33924,4.8745
AT1G75490,15,5.36949,4.15788,4.78853,3.20383,3.61552,4.12243,5.52603,4.10348,4.82087,3.07441,3.30319,4.51335
AT1G23240,15,4.80847,4.53709,5.00194,3.80067,2.77474,3.42747,4.91761,4.16731,5.45454,3.79272,3.04803,3.55962
AT1G23310,15,5018.21,4361.73,4714.99,3017.62,4335.32,4459.69,4662.65,4077.37,4576.26,3317.9,4658.99,4311.69
AT1G54470,15,3.44339,3.38599,4.59963,3.24013,2.68164,2.93823,3.18462,3.35647,4.71817,3.20871,2.93193,3.17892
AT1G23270,15,3.54641,3.54883,4.28596,3.15432,3.12505,3.54275,3.8252,3.88936,4.63572,2.94459,2.8986,3.4923
AT1G23350,15,4.22956,5.02356,6.06497,2.98392,3.45145,3.64626,3.96413,4.97852,5.48744,2.84626,3.64695,3.69801
AT2G05200,15,4.17206,4.5966,5.91814,3.71807,3.94559,3.79374,4.30009,4.15981,5.92471,3.47078,4.01899,3.96638
AT2G05180,15,5.61616,5.49688,5.69762,4.33081,5.12357,5.03083,5.59914,4.95774,5.97778,4.25546,5.08613,4.67805
AT1G03150,15,87.5166,83.4778,94.4396,70.6238,83.0948,87.8083,94.716,89.6481,91.2537,69.7187,85.1146,79.3128
AT1G78500,15,4.26262,4.56992,6.39415,4.33421,4.12495,3.27169,4.59857,4.52001,6.3683,4.46216,4.00882,3.55926
AT1G03050,15,4.21586,3.66645,4.81611,2.6058,2.5303,3.06116,3.91532,3.64144,4.93565,2.50868,2.64257,3.34656
AT1G54115,15,247.933,277.894,320.978,229.572,263.955,262.403,270.019,279.189,335.06,211.673,270.581,272.921
AT1G30720,15,31.1282,26.601,30.7307,14.022,22.153,16.197,30.8197,24.4322,30.5765,14.649,20.0746,15.6065
AT2G06430,15,4.14659,4.00508,4.87747,3.67154,4.04096,3.24941,4.3883,3.69943,4.55099,3.83454,4.33699,2.94687
AT2G38820,15,109.161,80.9404,96.0036,85.7511,48.9453,66.7385,111.63,87.8016,102.732,81.4081,49.6277,60.8786
AT2G14210,15,5.17799,6.09907,6.84636,3.48424,4.14514,4.16871,5.14017,6.0036,7.06516,3.24659,3.8069,4.05604
AT2G11600,15,7.41531,8.43779,10.6261,6.03644,5.66874,6.98982,7.52766,7.84573,10.8926,6.13054,6.05245,6.56016
AT2G15300,15,4.63904,4.01432,5.55401,3.80099,4.09975,4.49659,5.0029,4.11758,5.0397,3.9804,4.323,4.55076
AT2G05020,15,4.12065,3.59871,4.5949,2.91884,4.0865,4.08651,3.75057,3.42548,4.95723,2.65188,4.13866,4.43644
AT2G22060,15,6.72887,7.10234,7.98798,6.59915,6.51704,6.13312,6.53231,6.55452,7.88175,6.77158,5.87095,5.62746
AT2G15140,15,3.58646,4.19497,4.46478,3.3291,3.11161,3.53458,3.85249,3.85063,4.83814,3.11233,2.97263,3.23078
AT2G11690,15,3.48674,3.96121,4.4511,3.14118,3.00713,2.78016,3.41783,3.60983,4.66227,3.17692,3.00652,2.89371
AT2G11680,15,4.86909,4.582,5.02074,3.88932,3.84587,3.95905,5.10723,4.73742,4.95145,4.1714,3.56207,3.79821
AT2G31590,15,4.92343,4.7615,6.21717,4.00518,4.43506,4.2883,4.47788,4.35837,5.825,3.70169,4.02431,4.56579
AT2G31500,15,4.25744,5.14319,6.97511,3.62067,3.62835,4.82074,4.35983,4.8206,7.17259,3.68552,3.29411,4.49196
AT2G31930,15,4.86178,4.53751,4.96098,4.00176,3.44368,3.64531,4.62366,4.7742,5.42979,3.87485,3.37935,3.97204
AT2G42560,15,8.08727,6.7891,8.51147,5.98975,6.76239,7.06985,8.0387,7.45897,8.91823,5.76588,6.54677,6.72199
ATMG00920,15,4.90103,5.0297,4.70399,3.4286,3.87543,4.16719,4.68876,4.92659,5.06981,3.18061,4.00114,3.84474
AT2G42640,15,8.43037,10.7494,14.6901,5.58843,5.51824,5.90721,8.32415,10.3052,13.3517,5.19838,5.71617,5.37344
AT2G15410,15,4.28309,4.84666,5.73868,3.56788,3.09514,3.06503,4.40778,5.03263,5.64494,3.48024,3.291,3.05571
AT2G17140,15,7.53297,6.71933,7.86044,5.74262,5.29389,5.14667,7.8975,6.14605,7.16895,5.52287,5.63862,5.5851
AT2G16450,15,4.15684,4.1767,4.88865,3.68981,4.01559,4.63955,4.04851,3.99444,5.32045,3.66975,3.98007,5.10126
AT2G04830,15,5.38783,5.75461,7.0887,3.88498,4.28005,4.83027,5.49313,5.86248,6.73508,4.08981,4.11338,4.5422
AT2G04770,15,3.78082,3.97825,4.27938,3.20046,3.02474,3.16646,3.71482,3.83285,4.41649,3.41514,2.98709,2.96776
AT1G09310,15,10443.5,10379.6,10880.8,10476.7,8349.76,8858.77,10267.2,10877.2,11654.8,10367.8,8446.53,9207.24
AT1G60040,15,5.27384,5.09267,5.58002,3.92166,4.82923,4.59626,5.01538,5.22697,6.01996,3.82632,4.85819,4.94185
AT2G20625,15,5.30641,5.56781,6.09916,4.04969,4.89528,5.17355,4.99369,5.8819,5.96313,3.94371,4.46537,5.13388
AT2G21340,15,133.143,147.8,169.961,118.076,121.856,114.707,138.963,146.148,170.839,112.582,126.071,114.805
AT2G06330,15,5.09776,4.9109,4.60653,3.91623,3.62111,4.13824,4.8398,4.5365,4.92462,3.63458,3.90886,4.48408
AT2G06260,15,4.63049,4.51289,5.43498,3.30278,2.61236,4.09048,4.28386,4.53536,5.45686,3.60717,2.47734,3.69857
AT2G46375,15,5.32013,5.84403,6.22867,4.26644,4.67744,5.75392,5.63998,5.55527,6.8316,3.91362,4.30155,5.87001
AT2G40270,15,99.4305,103.594,121.409,99.0958,60.1346,49.3342,104.559,93.5535,128.461,96.3412,60.1182,45.404
AT2G04340,15,103.739,95.8306,120.305,82.3395,96.1178,94.7977,113.077,90.7816,119.007,86.3983,100.207,99.9597
AT2G10050,15,5.72424,5.5676,6.01562,4.58549,4.65053,5.65714,5.88228,5.08985,5.47624,5.01226,4.84989,5.88568
AT2G21830,15,41.2453,41.3276,66.9344,45.0257,29.6825,36.0258,38.9144,38.5195,62.844,42.7103,26.7987,39.2728
AT2G36920,15,4.23283,3.94416,4.00002,2.8845,3.06988,3.84308,4.1936,3.92271,4.18613,2.71964,2.93122,4.04865
AT2G36980,15,6.84747,5.88874,7.06796,6.15793,6.4789,4.3281,7.417,5.6373,6.66188,6.6979,6.78099,4.06277
AT2G36190,15,4.78095,4.92812,4.70522,4.94125,3.42801,4.48295,4.65589,4.7745,5.14658,4.59397,3.30151,4.16771
AT2G35900,15,161.195,146.064,200.856,139.304,144.342,132.854,155.986,154.747,197.746,130.914,142.712,129.248
AT2G36020,15,2.90295,2.82538,3.55571,2.10301,2.48998,2.65068,3.121,3.003,3.78321,2.1281,2.34206,2.71884
AT2G42860,15,3.77313,4.09147,5.24868,3.24249,2.19352,3.11603,3.61729,3.94722,5.44473,3.0793,2.05915,3.34361
AT2G03580,15,5.48418,5.16716,6.58251,4.55691,3.96467,4.47049,5.6931,5.38596,6.42969,4.55626,4.06804,4.56013
AT2G22440,15,3.47316,3.72596,4.54277,3.64256,3.36254,3.51447,3.71194,3.78716,4.90119,3.48115,3.03168,3.66798
AT2G22410,15,6.64263,6.69406,8.71859,6.97819,5.60028,5.62341,6.8629,6.13285,8.90407,6.53605,5.77072,5.53963
AT2G31230,15,6.62038,6.89998,7.37612,6.90411,5.19786,4.66074,6.95148,7.45908,7.31584,6.34268,5.66492,4.99877
AT1G02220,15,9.20788,8.25782,9.15455,6.46655,6.74498,5.24823,8.62844,8.0662,9.45485,6.99501,6.64121,5.16351
AT1G02120,15,234.435,191.012,259.949,216.721,250.22,174.518,247.075,199.152,234.74,223.202,240.405,169.268
AT1G02190,15,6.701,6.34526,8.18499,4.62365,5.99143,9.01689,6.28984,6.10883,8.9419,4.91372,6.25247,8.78936
AT1G22760,15,4.53892,4.94945,5.16694,3.99602,3.75453,3.63255,4.38176,4.57801,5.59852,3.65012,3.63442,3.68009
AT1G67440,15,35.5905,37.4418,45.1176,33.0484,30.2116,28.7142,34.7912,40.4658,43.0754,35.3513,28.0522,28.191
AT1G60450,15,6.40662,4.47091,5.64632,4.67872,3.97267,3.54036,6.11566,4.68867,6.04764,5.05898,3.83163,3.54337
AT1G78700,15,78.6876,60.0627,83.3406,41.6503,67.1552,61.5056,79.5537,62.0798,88.9894,42.3621,72.602,59.7391
AT1G09230,15,10.291,8.93951,12.1531,7.91885,10.1188,11.3786,11.059,8.20095,12.2212,7.1663,11.0066,11.9176
AT1G60300,15,8.18277,6.31689,7.15904,4.84275,5.38639,4.50426,8.43396,6.92561,7.43462,5.18354,5.84135,4.30433
AT1G61830,15,3.94973,4.23147,5.07143,3.41483,3.97626,3.8875,4.20492,3.92326,5.23515,3.08216,3.77292,3.75236
AT1G62045,15,22.4529,14.7351,21.9531,20.2983,14.3443,15.6937,23.5844,13.5298,22.5672,20.982,14.3413,15.4467
AT1G70450,15,8.24718,7.11727,10.1086,6.54825,6.14546,6.54406,8.5577,6.84443,9.25051,6.15866,5.87119,6.21233
AT1G04200,15,34.863,30.2792,42.8147,35.1602,22.5917,27.0818,36.9726,28.4617,41.2245,37.6264,22.6827,27.9942
AT1G43140,15,3.8642,3.97965,5.08682,3.5513,3.15507,3.40162,3.87369,3.98633,4.81396,3.27376,3.04025,3.67254
AT1G61680,15,4.68133,4.41062,4.32068,3.21316,3.58665,3.28707,4.39379,4.21481,4.56659,3.16309,3.62449,3.05068
AT1G27385,15,307.764,303.218,340.12,301.509,261.913,267.29,337.717,316.787,327.569,282.774,285.746,278.393
AT1G10330,15,9.13291,8.36975,8.21503,7.98779,8.0564,7.48918,8.36012,7.56146,9.01282,7.68393,8.828,8.16002
AT1G10400,15,8.74243,7.40984,8.84256,5.61497,5.00819,5.81436,8.62368,6.81715,8.21632,5.49585,4.87081,6.033
AT4G15050,15,5.60682,4.9273,5.02701,4.15063,4.43258,5.20519,5.46777,5.14022,5.4762,4.00985,4.82569,5.06387
AT1G27440,15,22.6232,17.9751,23.6883,16.3612,20,18.5597,21.29,16.3672,23.8818,17.637,20.5973,19.078
AT1G09400,15,4.51022,4.33454,5.28737,3.83125,3.2191,3.9378,4.24047,4.4063,5.32018,3.87995,3.05302,4.05853
AT1G55600,15,5.96921,6.69422,9.62036,4.469,5.44673,5.02628,5.66216,6.36186,9.21066,4.72389,5.44263,4.74139
AT1G09510,15,4.75307,5.64444,5.65315,4.8342,3.82453,3.96121,5.09538,5.15144,6.014,4.50353,3.93431,3.6969
AT1G09550,15,5.29351,5.70065,7.18186,4.94787,4.87573,4.19795,4.9199,5.70418,7.84965,4.56968,4.38859,4.10549
AT1G09610,15,6.56753,3.97477,6.20463,4.46714,4.9868,3.83799,7.04047,4.07382,5.71095,4.21721,4.66406,4.07662
AT1G05290,15,5.69636,4.89692,5.17846,3.96082,4.07364,4.3807,6.01154,4.72858,5.55282,3.9744,3.87969,4.55922
AT1G04700,15,6.09862,5.77418,6.35271,5.58109,5.8579,4.31114,6.31183,5.6452,6.44831,5.86179,5.70776,4.13883
AT1G09700,15,10.1289,7.65772,12.6178,6.41942,10.9842,8.87827,9.61323,6.90243,13.0464,5.92592,10.3657,9.49855
AT1G65510,15,12.2768,9.40404,12.1914,9.58715,9.98827,11.0598,12.7251,8.47408,12.8087,10.0157,10.6193,11.5988
AT1G65590,15,13.7449,11.4913,13.7496,6.51213,9.45678,9.6107,13.6734,11.7695,13.9513,6.68977,10.3842,10.2774
AT1G09730,15,58.7487,52.2463,66.0964,51.6661,53.1801,58.9117,53.2299,54.1761,72.6786,53.4121,58.133,58.0063
AT1G70080,15,5.59843,7.52997,12.2432,4.09321,4.41654,4.91108,6.12874,7.0991,12.0998,3.8514,4.84867,5.28016
AT1G22990,15,9.30738,7.6377,11.9013,7.15521,7.94341,11.5396,9.90897,8.05286,11.5947,6.73069,8.66383,10.4383
AT1G62060,15,4.82389,4.0662,4.9384,3.49208,3.59324,4.68851,4.45105,4.03005,4.5254,3.14379,3.35931,4.63045
AT1G61480,15,6.2586,6.50332,7.74984,4.34097,4.53103,4.41582,5.63511,7.05373,7.08164,4.1373,4.36772,4.7278
AT1G03490,15,5.2301,5.50847,5.31182,3.94011,4.69998,4.59196,5.13954,5.26592,5.28485,3.67775,4.81869,4.9061
AT1G24140,15,4.57092,4.11861,4.57011,3.40212,3.1124,3.98874,4.44705,4.41667,4.14174,3.17764,3.23718,4.38569
AT1G24260,15,4.70857,4.57435,4.79491,3.96071,3.25262,4.2844,4.37095,5.026,4.93534,3.93703,3.42372,3.97436
AT1G60750,15,4.56977,3.933,5.27669,4.2954,3.2677,3.68189,4.4301,3.87263,5.16616,4.45246,3.0014,3.71732
AT1G60540,15,4.87955,5.08442,5.38499,3.3965,3.60196,3.22733,4.41174,4.8993,5.80723,3.36842,3.64664,3.52344
AT1G61130,15,5.21933,5.87297,5.33819,4.24067,3.75168,4.55108,5.39273,5.42559,5.81569,4.31195,3.44229,4.25484
AT1G27080,15,4.46321,4.23492,5.16442,4.30275,4.17722,3.54139,4.66692,4.09234,5.30702,4.65068,4.20659,3.78785
AT1G27190,15,383.132,312.472,370.885,322.959,287.298,317.865,366.971,281.827,382.073,306.558,278.319,349.386
AT1G27140,15,11.5566,8.75889,12.4033,9.64585,7.9704,10.4007,10.9084,9.01847,12.488,10.3337,8.2393,11.3297
AT3G43400,15,26.6036,27.8918,37.1605,20.2317,29.6954,20.2405,28.11,30.3547,33.8552,21.8753,30.817,18.6059
AT1G24640,15,3.75044,3.89446,4.72881,3.35266,3.08774,3.85279,3.8063,3.91214,5.18984,3.09982,2.78331,4.00743
AT1G24520,15,5.3515,6.51952,6.78029,4.96195,4.50078,4.24293,5.65244,6.18001,6.80207,4.75982,4.44919,3.93049
AT1G61590,15,66.9795,50.2821,70.4394,58.6442,50.3177,62.3075,71.1283,49.835,63.7335,58.7125,48.7767,67.9686
AT1G03920,15,6.82669,5.02572,6.39307,5.39672,5.66378,5.43329,6.34839,5.2357,5.86692,5.55484,5.14509,5.13579
AT1G52100,15,1057.32,902.941,998.215,946.455,786.145,612.871,959.499,974.814,949.888,1016.57,845.104,631.904
AT1G03990,15,6.46266,5.0195,6.09381,4.13916,4.09075,4.88044,6.25718,4.8248,6.43404,3.88457,4.31327,4.6417
AT1G55440,15,3.71009,4.03003,4.26036,2.73271,3.2104,3.01986,3.73497,3.7857,4.56871,2.46404,3.39977,3.20795
AT1G23540,15,4.37594,4.45608,6.13214,3.56582,3.55135,4.05154,4.31955,4.76212,6.64851,3.21952,3.60415,3.95921
AT2G01960,15,3.16171,3.86532,4.63362,2.64715,2.80365,3.21317,3.39228,3.82238,4.64627,2.87117,2.962,2.99708
AT2G42960,15,8.10422,6.76579,8.15147,5.93942,6.41541,6.42405,7.5487,7.35831,8.92763,6.19514,6.73752,6.8028
AT2G13970,15,9.72893,9.22343,15.1089,7.62557,9.82161,8.79788,10.3506,9.26363,13.9411,8.21213,10.3438,8.98659
AT2G18200,15,4.67923,5.3599,6.47295,4.22174,3.54872,4.39062,5.09014,5.5476,6.49197,4.15667,3.88748,4.29318
AT2G18350,15,10.2522,10.4913,14.8699,10.1297,8.41489,8.51478,11.2763,11.2807,14.3362,10.6752,8.31113,8.3113
AT2G20770,15,7.17731,7.60768,7.26894,6.75557,4.73974,6.32523,6.71823,6.98397,7.0089,6.6835,4.4516,6.46649
AT2G15610,15,3.30747,3.60556,4.61138,3.20836,2.70581,3.15712,3.59265,3.83189,4.88444,3.11576,2.45383,2.92678
AT2G06110,15,3.57653,4.01505,4.98153,3.11001,3.202,3.80475,3.56593,3.72174,5.00573,2.98531,2.90893,3.58752
AT2G28270,15,5.7289,5.32752,6.07348,3.90128,3.92649,4.87856,5.15839,4.9078,6.61628,3.94617,3.79796,5.22735
AT2G14260,15,638.211,577.856,680.932,625.305,589.049,416.689,637.334,590.828,734.006,639.627,535.183,378.997
AT2G20100,15,7.77165,7.13797,8.48933,6.71989,4.93745,7.72609,7.77971,6.71819,8.64558,6.66916,4.97794,8.38831
AT2G14380,15,5.3052,4.31728,5.60597,3.9298,3.72912,4.61979,5.19606,4.09249,5.16071,3.78435,3.79848,5.07071
AT2G25460,15,4.02977,4.33447,5.96235,4.24106,3.44403,3.31744,4.12966,4.42645,5.96004,3.8892,3.28215,3.31204
AT2G27240,15,3.84625,3.86718,4.64184,2.65166,3.38117,3.58011,3.72438,4.22514,4.60358,2.75257,3.51199,3.90762
AT2G03370,15,4.40948,4.11984,4.8129,4.05639,3.49729,3.22562,4.28857,4.07962,5.04738,4.39549,3.47159,3.31982
AT2G10650,15,4.42795,4.67429,5.70977,4.00248,4.21609,3.81868,4.21427,4.52338,6.27223,3.63994,4.43695,3.52244
AT2G18080,15,5.81606,6.69637,7.06523,5.06448,4.60649,4.44292,5.76811,6.12928,7.44643,4.81055,4.16757,4.62336
AT2G42410,15,6.24221,5.54544,8.01981,4.51349,4.46326,3.83648,6.29097,5.35978,8.37788,4.69676,4.77139,3.8046
AT2G42480,15,6.5934,5.90863,6.40618,4.85989,5.41074,4.22407,7.21214,5.97831,7.04395,5.05515,5.78732,4.10841
AT2G25630,15,4.35379,4.2938,4.61228,2.51566,3.36417,3.87629,4.73445,4.38471,5.03443,2.35196,3.65033,3.54902
AT3G31920,15,4.52088,4.27324,4.4279,3.61304,3.29921,3.65891,4.72971,4.2755,4.74895,3.85143,3.18828,4.01716
AT2G18580,15,3.97745,4.33947,5.22367,2.87973,3.75086,3.90196,4.22594,4.48132,5.26513,3.1287,4.09248,3.79073
AT2G11235,15,4.60332,4.32307,4.55733,3.9084,4.37437,3.23803,4.14615,4.73749,4.91528,4.00645,4.45687,2.97275
AT2G24270,15,1610.21,1816.49,1825.35,942.904,1129.43,1359.71,1543.79,1644.14,1902.35,976.453,1037.65,1471.24
AT2G05960,15,4.11806,4.15689,5.1434,4.30511,3.43169,3.97141,4.39553,4.30656,5.3388,3.89786,3.2842,4.04163
AT2G05820,15,6.27505,6.32225,7.66095,5.77363,6.13688,6.24966,6.14562,6.33102,6.98235,5.78818,5.89509,6.4347
AT2G07724,15,3.77368,3.97183,4.74942,2.72991,3.81742,3.78839,4.09619,4.05807,5.05711,2.84713,4.18499,4.04749
AT2G37830,15,7.78187,7.77396,8.74761,6.27008,7.01123,5.96871,7.59259,7.82028,7.97888,6.35258,7.29669,5.95184
AT2G39030,15,4.98443,5.59447,6.54716,4.80498,3.51888,5.28502,4.93843,5.47651,6.62876,4.66634,3.74133,4.93348
AT2G12250,15,5.79002,5.4346,5.4604,4.47027,4.92299,4.87361,5.81996,5.06009,5.94305,4.59909,5.02118,4.71171
AT2G28050,15,8.72957,6.80311,8.56333,6.75719,5.75449,5.20546,7.97321,6.85836,7.89163,7.22085,5.67885,5.01626
AT2G39010,15,3744.97,3329.89,3665.78,3140.44,2806.68,2821.4,3968.86,3162.11,3620.73,2885.42,2582.39,2547.72
AT2G02250,15,6.61242,6.71393,9.48859,5.07278,5.8572,6.81055,6.56926,6.09842,9.96182,4.76756,6.04532,6.9919
AT2G28800,15,1343.86,1326.96,1742.52,1196.7,1367.83,1238.44,1398.39,1261.48,1637.98,1157.19,1503.62,1205.58
AT2G02310,15,3.74713,3.72241,4.16877,3.62377,3.10136,2.77304,3.55067,3.94819,4.17898,3.8933,2.96583,2.76356
AT2G02380,15,5.48728,4.88299,7.14309,3.86303,4.05818,4.25801,5.33937,5.07034,6.52641,4.02193,4.4368,4.37307
AT2G29480,15,4.84894,5.07062,5.57335,3.9453,5.00673,4.52466,5.03918,4.62609,5.55019,3.89195,4.60042,4.33742
AT2G01600,15,300.143,248.433,269.36,226.673,268.311,250.638,283.627,264.15,280.569,228.024,258.695,250.907
AT2G01570,15,727.309,602.883,670.793,484.554,500.876,501.952,771.046,658.682,680.893,464.287,493.177,507.191
AT2G01410,15,209.05,122.268,176.363,161.387,142.711,139.872,202.16,124.716,191.721,148.976,129.604,140.525
AT2G32300,15,103.483,94.1707,135.446,75.7512,94.2147,115.383,104.43,90.2485,148.444,69.7388,90.3237,112.303
AT2G14690,15,4.10981,3.60693,4.93471,3.43738,2.59361,2.92454,4.48447,3.45071,5.36795,3.69791,2.63898,2.87788
AT2G32370,15,4.0183,3.65995,4.5306,3.71978,3.05989,3.0087,4.28065,3.93614,4.56139,3.89608,2.93157,2.88016
AT2G38690,15,4.65542,4.66963,7.05923,2.83594,3.4615,4.01985,5.04328,5.0219,6.62457,2.92198,3.12373,4.26969
AT2G38720,15,6.13916,6.19832,7.65167,5.28085,4.82065,6.26599,6.0195,6.2565,7.29055,5.48767,4.46069,6.54078
AT2G38530,15,5818.59,4568.37,5284.43,5731.34,3662.99,4490.14,5882.55,4131.28,5789.47,5703.07,3657.57,4466.88
AT2G38610,15,206.304,131.139,174.618,135.776,114.695,122.048,199.764,138.247,177.702,135.955,104.677,112.546
AT2G07200,15,4.43349,4.71278,5.55987,4.03047,3.50136,4.12461,4.79564,4.47662,5.20345,3.99932,3.70476,3.97181
AT2G07080,15,5.99553,6.04247,7.44094,5.80869,4.81451,5.21364,5.52705,5.76819,7.41491,6.26815,4.84055,5.44848
AT2G43230,15,6.68392,7.02446,7.61345,5.74007,5.69548,6.72585,6.46845,6.37844,8.3169,5.24863,6.09403,7.11468
AT2G31100,15,4.77151,4.8908,5.31413,3.86295,3.41277,3.52652,5.12275,4.45564,5.04264,3.58135,3.33398,3.71825
AT2G07070,15,4.1383,4.58342,5.59825,3.19919,3.41167,3.16069,4.24975,4.56878,5.05673,2.91162,3.71232,3.20711
AT2G35260,15,648.378,569.309,698.712,334.012,400.634,600.817,699.953,554.449,699.69,352.879,411.496,621.661
AT2G46080,15,179.626,169.995,175.259,155.789,148.435,145.959,193.519,156.371,173.272,153.627,140.339,133.53
AT2G24070,15,4.46201,4.90868,4.97215,4.39424,4.25295,3.52534,4.61089,4.77678,5.39875,4.33464,4.51598,3.39901
AT2G23830,15,6.63724,4.99211,5.98171,3.97339,3.84051,4.60583,6.79213,4.66939,5.58327,3.90371,3.86012,4.96436
AT2G23860,15,5.1561,5.48138,5.59975,4.39371,4.2524,3.93491,4.94327,4.93624,5.88807,4.26877,4.27602,3.98351
AT4G08060,15,5.28755,4.6715,4.74,3.76943,3.7927,3.91716,4.9167,4.41136,5.1119,3.45568,3.85012,3.91629
AT2G29880,15,5.25028,5.19871,6.37036,4.98952,4.02558,4.55949,5.33639,4.90413,6.94014,5.12321,4.26553,4.2107
AT2G25820,15,4.66373,5.38734,5.85824,4.26963,3.71407,3.92515,4.85129,5.10354,6.40814,4.39488,3.78312,3.68562
AT2G29780,15,5.21902,4.33603,5.02776,4.27808,4.23079,3.60544,5.42704,3.9304,4.89394,4.30044,3.91803,3.63122
AT2G19950,15,34.3375,26.966,33.8626,25.345,26.5196,33.0431,32.2606,24.929,33.0855,25.225,23.8782,34.9644
AT2G19700,15,3.76495,3.94672,4.7143,3.6589,3.76029,3.14022,3.73067,3.58933,4.97983,3.77714,3.49958,3.22355
AT2G03280,15,6.06596,6.56156,7.88614,5.73874,5.55552,6.88998,6.25247,6.03565,8.12485,5.39382,5.94221,6.5898
AT2G22860,15,9.64504,7.12971,8.87545,8.09194,4.62708,5.83716,10.1223,6.49079,9.39556,7.45025,4.48677,5.93641
AT2G44910,15,7.85289,6.08495,6.9735,6.70767,5.15156,6.3769,7.54634,6.35888,7.55592,7.34889,5.24975,6.97045
AT2G18930,15,7.51199,5.69987,8.68871,5.08004,4.45412,4.7388,6.91267,5.28461,8.22999,5.47738,4.27226,4.36979
AT2G18820,15,6.1726,6.02837,8.28343,4.50622,5.23206,5.32665,6.62981,6.17055,8.75046,4.4298,5.7446,5.48041
AT2G39230,15,5.73148,4.23348,5.42176,4.53345,4.51778,4.62563,6.13775,3.89197,5.79191,4.87793,4.3779,4.67633
AT2G39180,15,15.2583,13.8054,14.9733,11.3492,10.8474,8.93624,16.1702,15.0444,16.4261,10.924,10.9484,9.56441
AT2G34230,15,7.55108,5.51207,6.28042,5.57907,5.34447,4.32504,6.99548,5.10081,6.85752,5.89978,5.02716,4.37821
AT2G38490,15,4.56185,4.5061,5.62976,3.83929,3.48774,4.24756,4.94393,4.19112,5.79894,3.76885,3.36013,4.06823
AT2G38500,15,9.77375,9.15189,15.4899,8.88975,9.38806,7.19444,10.5437,9.86549,15.0456,8.37586,10.0424,7.77603
AT2G40955,15,4.23249,3.26702,4.5171,3.74613,3.4064,3.10137,4.30948,3.21981,4.63208,3.38622,3.29045,3.02128
AT2G32560,15,90.7818,91.5849,91.7795,62.7317,76.5051,78.4162,90.7318,99.549,96.7164,63.9714,76.7648,82.0269
AT2G38250,15,4.8858,5.42841,6.26283,4.85689,4.30968,3.89961,5.07442,4.97653,6.1448,5.16284,4.56646,3.81153
AT2G37720,15,4.8635,5.24533,5.60314,4.52225,3.96559,3.82835,5.02981,5.27439,5.34931,4.09709,4.30562,3.72069
AT2G37740,15,5.58797,6.03392,6.17428,4.56605,4.19556,5.18846,5.39283,6.02283,6.34685,4.63624,4.56104,4.73664
AT2G37590,15,7.94044,6.74043,12.3307,7.2733,5.46574,7.2947,8.0214,6.238,11.9676,6.79178,5.86451,7.54172
AT2G30830,15,6.94183,5.18427,5.99859,4.78958,4.51842,4.93706,6.90122,4.68429,6.59089,5.22426,4.15749,4.50407
AT2G02680,15,4.86394,4.95924,5.27664,4.60951,3.73656,4.68181,4.4761,4.72061,5.42186,4.25676,3.42847,4.4271
AT2G02660,15,6.24721,6.03667,6.16777,5.0058,4.77799,5.39718,6.69854,5.45257,6.35788,4.60763,4.30146,4.92293
AT2G22960,15,3.8503,3.97267,4.67301,3.54384,3.6204,3.76989,3.64327,3.57554,5.00458,3.2829,3.29114,3.78546
AT2G02550,15,5.37816,6.68678,8.21039,3.32139,3.78911,4.89356,5.07108,7.29122,8.8801,3.50817,4.04574,5.34781
AT2G30110,15,747.52,704.22,777.946,755.943,646.803,751.018,791.172,733.521,729.586,686.67,608.922,737.108
AT2G40030,15,6.08119,5.61921,7.26141,4.57451,5.47527,5.07126,6.22959,5.18662,7.19121,4.99869,5.98126,5.02673
AT2G44440,15,27.3578,19.4147,30.501,25.7249,25.9854,20.8421,29.6137,20.7057,28.2353,23.802,25.1321,22.1224
AT2G35060,15,70.671,86.5721,117.08,18.9765,31.8876,35.831,69.7207,85.5024,114.002,19.6188,32.0634,38.506
AT2G19190,15,3.82676,3.92994,4.78181,2.94127,3.61734,3.25509,4.03141,3.8378,5.04663,3.15149,3.71283,3.56284
AT2G45670,15,242.44,192.004,227.974,143.437,210.661,223.682,241.576,198.163,228.483,132.532,199.784,203.764
AT2G30480,15,8.86573,7.3168,8.26549,7.41401,5.24354,6.11587,8.05595,6.73504,8.44572,7.86209,5.23838,5.59465
AT2G30560,15,15.7194,15.1409,16.9706,13.4975,11.0203,11.0684,14.368,14.4364,18.1965,12.379,11.771,11.054
AT2G32690,15,32.2882,28.5132,33.4669,33.0432,22.6584,25.9778,35.2252,29.5749,31.1936,35.5107,23.2548,24.0313
AT2G30730,15,5.05041,5.04833,5.90799,4.59021,5.27277,4.46835,4.94774,4.57463,6.49696,4.22765,5.0602,4.21488
AT2G39640,15,4.21216,4.55313,5.76112,3.59595,3.73661,3.41181,4.10098,4.9044,5.91097,3.70684,4.10781,3.2392
AT2G32890,15,5.33611,4.3228,4.96803,4.07532,3.9905,4.10949,5.50924,4.67289,5.06376,4.00926,4.28906,3.72968
